0.06666666666666667, 0.07692307692307693, 0.19999999999999998, 0.5, 0.0, 0.0, 0.2857142857142857, 0.15384615384615385, 0.0, 0.19999999999999998, 0.2222222222222222, 0.2857142857142857, 0.33333333333333337, 0.0, 0.5, 0.4, 0.5, 0.0, 0.0, 0.18181818181818182, 0.33333333333333337, 0.0, 0.05882352941176471, 0.4, 0.18181818181818182, 0.0, 0.4, 0.0, 0.18181818181818182, 0.2222222222222222, 0.6666666666666666, 0.25, 0.4, 0.25, 0.0, 0.5, 0.0, 0.16666666666666669, 0.0, 0.14285714285714288, 0.4, 0.2857142857142857, 0.25, 0.0, 0.14285714285714288, 0.11764705882352941, 0.125, 0.15384615384615385, 0.0, 0.25, 0.16666666666666669, 0.33333333333333337, 0.16666666666666669, 0.18181818181818182, 0.16666666666666669, 0.16666666666666669, 0.0, 0.0, 0.0, 0.2857142857142857, 0.2857142857142857, 0.0, 0.0, 0.0, 0.11764705882352941, 0.0, 0.125, 0.2857142857142857, 0.0, 0.16666666666666669, 0.19999999999999998, 0.0, 0.0909090909090909, 0.0, 0.2857142857142857, 0.2222222222222222, 0.25, 0.4, 0.0, 0.33333333333333337, 0.5, 0.2857142857142857, 0.33333333333333337, 0.15384615384615385, 0.0, 0.5, 0.19999999999999998, 0.25, 0.0, 0.0, 0.18181818181818182, 0.13333333333333333, 0.6666666666666666, 0.14285714285714288, 0.5, 0.13333333333333333, 0.0, 0.2857142857142857, 0.33333333333333337, 0.18181818181818182, 0.25, 0.33333333333333337, 0.5, 0.2857142857142857, 0.2857142857142857, 0.2857142857142857, 0.2222222222222222, 0.2222222222222222, 0.0, 0.33333333333333337, 0.2222222222222222, 0.5, 0.33333333333333337, 0.33333333333333337, 0.0, 0.0, 0.0, 0.0, 0.6666666666666666, 0.18181818181818182, 0.2222222222222222, 0.18181818181818182, 0.5, 0.33333333333333337, 0.10526315789473684, 0.0, 0.0, 0.5, 0.2222222222222222, 0.2857142857142857, 0.0, 0.0, 0.0, 0.5, 0.19999999999999998, 0.4, 0.33333333333333337, 0.5, 0.0, 0.25, 0.25, 0.6666666666666666, 0.5, 0.25, 0.2222222222222222, 0.5, 0.16666666666666669, 0.25, 0.15384615384615385, 0.5, 0.0, 0.0, 0.2222222222222222, 0.5, 0.25, 0.125, 0.04878048780487806, 0.19999999999999998, 0.19999999999999998, 0.2857142857142857, 0.25, 0.0, 0.4, 0.19999999999999998, 0.5, 0.19999999999999998, 0.0, 0.5, 0.33333333333333337, 0.25, 0.4, 0.33333333333333337, 0.5, 0.0, 0.2857142857142857, 0.2222222222222222, 0.2857142857142857, 0.33333333333333337, 0.33333333333333337, 0.2222222222222222, 0.2857142857142857, 0.5, 0.13333333333333333, 0.0, 0.18181818181818182, 0.1111111111111111, 0.25, 0.15384615384615385, 0.18181818181818182, 0.2857142857142857, 0.13333333333333333, 0.33333333333333337, 0.18181818181818182, 0.25, 0.4, 0.14285714285714288, 0.4, 0.33333333333333337, 0.0, 0.4, 0.1111111111111111, 0.125, 0.125, 0.0, 0.5, 0.4, 0.0, 0.25, 0.0, 0.25, 0.0, 0.125, 0.15384615384615385, 0.33333333333333337, 0.5, 0.0, 0.11764705882352941, 0.11764705882352941, 0.0, 0.0, 0.1, 0.18181818181818182, 0.0, 0.0, 0.07692307692307693
0.12903225806451613, 0.14814814814814814, 0.3636363636363636, 0.8, 0.28571428571428575, 0.0, 0.5, 0.14285714285714285, 0.0, 0.3636363636363636, 0.4, 0.25, 0.28571428571428575, 0.0, 0.8, 0.6666666666666666, 0.8, 0.0, 0.0, 0.33333333333333337, 0.28571428571428575, 0.0, 0.1142857142857143, 0.6666666666666666, 0.33333333333333337, 0.0, 0.3333333333333333, 0.0, 0.33333333333333337, 0.2, 0.5, 0.4444444444444445, 0.6666666666666666, 0.4444444444444445, 0.0, 0.4, 0.16666666666666669, 0.15384615384615385, 0.0, 0.13333333333333336, 0.6666666666666666, 0.25, 0.4444444444444445, 0.0, 0.13333333333333336, 0.2222222222222222, 0.23529411764705882, 0.2857142857142857, 0.4, 0.22222222222222224, 0.3076923076923077, 0.5714285714285715, 0.15384615384615385, 0.33333333333333337, 0.3076923076923077, 0.15384615384615385, 0.0, 0.0, 0.0, 0.5, 0.5, 0.0, 0.0, 0.4, 0.2222222222222222, 0.25, 0.23529411764705882, 0.25, 0.0, 0.15384615384615385, 0.1818181818181818, 0.0, 0.17391304347826084, 0.0, 0.25, 0.4, 0.22222222222222224, 0.6666666666666666, 0.0, 0.28571428571428575, 0.8, 0.5, 0.28571428571428575, 0.2857142857142857, 0.0, 0.8, 0.1818181818181818, 0.4444444444444445, 0.0, 0.125, 0.33333333333333337, 0.25, 1.0, 0.2666666666666667, 0.4, 0.25, 0.0, 0.25, 0.5714285714285715, 0.33333333333333337, 0.4444444444444445, 0.5714285714285715, 0.4, 0.25, 0.5, 0.25, 0.4, 0.4, 0.0, 0.28571428571428575, 0.2, 0.4, 0.28571428571428575, 0.5714285714285715, 0.0, 0.0, 0.0, 0.0, 0.5, 0.33333333333333337, 0.4, 0.33333333333333337, 0.4, 0.28571428571428575, 0.09999999999999999, 0.1818181818181818, 0.0, 0.4, 0.4, 0.5, 0.1818181818181818, 0.1111111111111111, 0.0, 0.4, 0.3636363636363636, 0.6666666666666666, 0.28571428571428575, 0.4, 0.28571428571428575, 0.4444444444444445, 0.4444444444444445, 0.5, 0.4, 0.4444444444444445, 0.2, 0.8, 0.3076923076923077, 0.4444444444444445, 0.14285714285714285, 0.8, 0.0, 0.0, 0.4, 0.4, 0.4444444444444445, 0.23529411764705882, 0.09523809523809523, 0.1818181818181818, 0.1818181818181818, 0.5, 0.4444444444444445, 0.1818181818181818, 0.6666666666666666, 0.3636363636363636, 0.8, 0.1818181818181818, 0.0, 0.4, 0.5714285714285715, 0.4444444444444445, 0.6666666666666666, 0.5714285714285715, 0.8, 0.25, 0.25, 0.2, 0.5, 0.28571428571428575, 0.5714285714285715, 0.4, 0.25, 0.8, 0.25, 0.0, 0.16666666666666669, 0.21052631578947367, 0.4444444444444445, 0.2857142857142857, 0.16666666666666669, 0.5, 0.25, 0.5714285714285715, 0.33333333333333337, 0.22222222222222224, 0.3333333333333333, 0.2666666666666667, 0.6666666666666666, 0.28571428571428575, 0.0, 0.6666666666666666, 0.21052631578947367, 0.11764705882352941, 0.11764705882352941, 0.0, 0.8, 0.3333333333333333, 0.0, 0.4444444444444445, 0.0, 0.4444444444444445, 0.0, 0.23529411764705882, 0.2857142857142857, 0.5714285714285715, 0.4, 0.0, 0.1111111111111111, 0.1111111111111111, 0.0, 0.09090909090909091, 0.09523809523809525, 0.33333333333333337, 0.28571428571428575, 0.0, 0.14814814814814814
0.1875, 0.14285714285714285, 0.5, 0.6666666666666666, 0.25, 0.25, 0.6666666666666666, 0.26666666666666666, 0.0, 0.3333333333333333, 0.36363636363636365, 0.2222222222222222, 0.25, 0.0, 0.6666666666666666, 0.5714285714285715, 0.6666666666666666, 0.28571428571428575, 0.0, 0.4615384615384615, 0.25, 0.0, 0.16666666666666669, 0.5714285714285715, 0.4615384615384615, 0.0, 0.5714285714285715, 0.0, 0.4615384615384615, 0.36363636363636365, 0.4, 0.4, 0.8571428571428571, 0.4, 0.0, 0.3333333333333333, 0.15384615384615383, 0.14285714285714288, 0.0, 0.125, 0.5714285714285715, 0.2222222222222222, 0.4, 0.0, 0.25, 0.3157894736842105, 0.33333333333333337, 0.4, 0.6666666666666666, 0.2, 0.42857142857142855, 0.7499999999999999, 0.28571428571428575, 0.30769230769230765, 0.28571428571428575, 0.28571428571428575, 0.0, 0.15384615384615383, 0.0, 0.6666666666666666, 0.6666666666666666, 0.0, 0.0, 0.3333333333333333, 0.3157894736842105, 0.2222222222222222, 0.33333333333333337, 0.2222222222222222, 0.0, 0.14285714285714288, 0.16666666666666666, 0.0, 0.25, 0.0, 0.2222222222222222, 0.5454545454545454, 0.2, 0.8571428571428571, 0.0, 0.25, 0.6666666666666666, 0.4444444444444444, 0.25, 0.26666666666666666, 0.25, 1.0, 0.16666666666666666, 0.6, 0.0, 0.11764705882352941, 0.4615384615384615, 0.35294117647058826, 0.8, 0.25, 0.3333333333333333, 0.35294117647058826, 0.14285714285714288, 0.2222222222222222, 0.5, 0.4615384615384615, 0.6, 0.5, 0.3333333333333333, 0.2222222222222222, 0.6666666666666666, 0.2222222222222222, 0.5454545454545454, 0.5454545454545454, 0.0, 0.25, 0.18181818181818182, 0.6666666666666666, 0.25, 0.5, 0.0, 0.0, 0.0, 0.28571428571428575, 0.8, 0.4615384615384615, 0.5454545454545454, 0.4615384615384615, 0.3333333333333333, 0.25, 0.1904761904761905, 0.3333333333333333, 0.0, 0.3333333333333333, 0.5454545454545454, 0.6666666666666666, 0.16666666666666666, 0.21052631578947367, 0.0, 0.3333333333333333, 0.3333333333333333, 0.5714285714285715, 0.5, 0.6666666666666666, 0.25, 0.6, 0.4, 0.4, 0.3333333333333333, 0.6, 0.18181818181818182, 1.0, 0.42857142857142855, 0.6, 0.26666666666666666, 1.0, 0.0, 0.0, 0.5454545454545454, 0.6666666666666666, 0.4, 0.33333333333333337, 0.09302325581395349, 0.16666666666666666, 0.3333333333333333, 0.4444444444444444, 0.6, 0.3333333333333333, 0.8571428571428571, 0.3333333333333333, 1.0, 0.16666666666666666, 0.0, 0.3333333333333333, 0.5, 0.6, 0.8571428571428571, 0.7499999999999999, 1.0, 0.4444444444444444, 0.2222222222222222, 0.18181818181818182, 0.6666666666666666, 0.25, 0.7499999999999999, 0.5454545454545454, 0.2222222222222222, 1.0, 0.35294117647058826, 0.18181818181818182, 0.30769230769230765, 0.3, 0.6, 0.4, 0.15384615384615383, 0.6666666666666666, 0.35294117647058826, 0.7499999999999999, 0.4615384615384615, 0.2, 0.28571428571428575, 0.25, 0.5714285714285715, 0.5, 0.16666666666666666, 0.8571428571428571, 0.2, 0.1111111111111111, 0.1111111111111111, 0.0, 1.0, 0.28571428571428575, 0.0, 0.4, 0.0, 0.6, 0.0, 0.33333333333333337, 0.4, 0.5, 0.3333333333333333, 0.0, 0.21052631578947367, 0.21052631578947367, 0.0, 0.08695652173913045, 0.09090909090909091, 0.4615384615384615, 0.5, 0.0, 0.14285714285714285
0.18181818181818182, 0.20689655172413793, 0.6153846153846153, 0.5714285714285715, 0.4444444444444445, 0.22222222222222224, 0.6, 0.25, 0.0, 0.30769230769230765, 0.3333333333333333, 0.4, 0.22222222222222224, 0.0, 0.5714285714285715, 0.5, 0.5714285714285715, 0.25, 0.0, 0.5714285714285715, 0.4444444444444445, 0.0, 0.21621621621621626, 0.75, 0.5714285714285715, 0.18181818181818182, 0.5, 0.0, 0.4285714285714285, 0.3333333333333333, 0.3333333333333333, 0.36363636363636365, 0.75, 0.5454545454545454, 0.0, 0.28571428571428575, 0.14285714285714288, 0.13333333333333333, 0.0, 0.11764705882352941, 0.75, 0.2, 0.36363636363636365, 0.0, 0.23529411764705882, 0.4, 0.4210526315789474, 0.375, 0.5714285714285715, 0.18181818181818182, 0.39999999999999997, 0.888888888888889, 0.26666666666666666, 0.28571428571428575, 0.26666666666666666, 0.26666666666666666, 0.0, 0.14285714285714288, 0.0, 0.6, 0.6, 0.0, 0.0, 0.5714285714285715, 0.4, 0.2, 0.4210526315789474, 0.2, 0.0, 0.13333333333333333, 0.15384615384615383, 0.0909090909090909, 0.32, 0.0, 0.2, 0.6666666666666666, 0.36363636363636365, 0.75, 0.2, 0.22222222222222224, 0.5714285714285715, 0.4, 0.22222222222222224, 0.25, 0.22222222222222224, 0.8571428571428571, 0.15384615384615383, 0.7272727272727273, 0.18181818181818182, 0.22222222222222224, 0.4285714285714285, 0.4444444444444445, 0.6666666666666666, 0.3529411764705882, 0.28571428571428575, 0.3333333333333333, 0.26666666666666666, 0.2, 0.4444444444444445, 0.4285714285714285, 0.5454545454545454, 0.4444444444444445, 0.28571428571428575, 0.4, 0.8, 0.2, 0.5, 0.6666666666666666, 0.0, 0.22222222222222224, 0.16666666666666666, 0.5714285714285715, 0.22222222222222224, 0.6666666666666665, 0.0, 0.2, 0.0, 0.25, 0.6666666666666666, 0.5714285714285715, 0.6666666666666666, 0.4285714285714285, 0.28571428571428575, 0.22222222222222224, 0.27272727272727276, 0.30769230769230765, 0.2, 0.28571428571428575, 0.6666666666666666, 0.6, 0.15384615384615383, 0.2, 0.0, 0.28571428571428575, 0.30769230769230765, 0.5, 0.4444444444444445, 0.5714285714285715, 0.22222222222222224, 0.5454545454545454, 0.36363636363636365, 0.3333333333333333, 0.28571428571428575, 0.7272727272727273, 0.3333333333333333, 0.8571428571428571, 0.39999999999999997, 0.5454545454545454, 0.25, 0.8571428571428571, 0.0, 0.0, 0.5, 0.5714285714285715, 0.5454545454545454, 0.4210526315789474, 0.13636363636363635, 0.15384615384615383, 0.46153846153846156, 0.4, 0.5454545454545454, 0.30769230769230765, 0.75, 0.46153846153846156, 0.8571428571428571, 0.15384615384615383, 0.0, 0.28571428571428575, 0.4444444444444445, 0.7272727272727273, 0.75, 0.888888888888889, 0.8571428571428571, 0.4, 0.2, 0.16666666666666666, 0.8, 0.4444444444444445, 0.6666666666666665, 0.6666666666666666, 0.2, 0.8571428571428571, 0.4444444444444445, 0.16666666666666666, 0.4285714285714285, 0.38095238095238093, 0.5454545454545454, 0.5, 0.14285714285714288, 0.6, 0.3333333333333333, 0.888888888888889, 0.5714285714285715, 0.18181818181818182, 0.25, 0.3529411764705882, 0.5, 0.4444444444444445, 0.15384615384615383, 0.75, 0.2857142857142857, 0.2105263157894737, 0.2105263157894737, 0.0, 0.8571428571428571, 0.5, 0.0, 0.5454545454545454, 0.11764705882352941, 0.5454545454545454, 0.0, 0.31578947368421056, 0.5, 0.4444444444444445, 0.28571428571428575, 0.0, 0.2, 0.2, 0.0, 0.08333333333333334, 0.17391304347826086, 0.4285714285714285, 0.4444444444444445, 0.15384615384615383, 0.13793103448275865
0.2352941176470588, 0.19999999999999998, 0.7142857142857143, 0.5, 0.6, 0.4000000000000001, 0.5454545454545454, 0.23529411764705882, 0.0, 0.2857142857142857, 0.3076923076923077, 0.5454545454545454, 0.20000000000000004, 0.0, 0.5, 0.4444444444444445, 0.5, 0.4444444444444445, 0.0, 0.6666666666666666, 0.4000000000000001, 0.0, 0.2631578947368421, 0.6666666666666665, 0.6666666666666666, 0.3333333333333333, 0.4444444444444445, 0.0, 0.4, 0.3076923076923077, 0.28571428571428575, 0.3333333333333333, 0.6666666666666665, 0.5, 0.0, 0.25, 0.13333333333333333, 0.12500000000000003, 0.10526315789473682, 0.1111111111111111, 0.6666666666666665, 0.3636363636363636, 0.5, 0.0, 0.2222222222222222, 0.38095238095238093, 0.4, 0.35294117647058826, 0.5, 0.16666666666666666, 0.5000000000000001, 0.8000000000000002, 0.25000000000000006, 0.26666666666666666, 0.25000000000000006, 0.25000000000000006, 0.0, 0.13333333333333333, 0.20000000000000004, 0.7272727272727272, 0.5454545454545454, 0.0, 0.0, 0.5, 0.47619047619047616, 0.1818181818181818, 0.5, 0.1818181818181818, 0.0, 0.12500000000000003, 0.14285714285714285, 0.08695652173913045, 0.3846153846153846, 0.0, 0.1818181818181818, 0.6153846153846154, 0.5, 0.6666666666666665, 0.3636363636363636, 0.20000000000000004, 0.5, 0.3636363636363636, 0.20000000000000004, 0.23529411764705882, 0.20000000000000004, 0.7499999999999999, 0.14285714285714285, 0.8333333333333333, 0.16666666666666666, 0.3157894736842105, 0.4, 0.5263157894736842, 0.5714285714285715, 0.33333333333333337, 0.25, 0.4210526315789473, 0.25000000000000006, 0.1818181818181818, 0.4000000000000001, 0.4, 0.6666666666666666, 0.4000000000000001, 0.25, 0.3636363636363636, 0.7272727272727272, 0.1818181818181818, 0.6153846153846154, 0.6153846153846154, 0.0, 0.20000000000000004, 0.3076923076923077, 0.5, 0.4000000000000001, 0.6, 0.0, 0.1818181818181818, 0.0, 0.4444444444444445, 0.5714285714285715, 0.6666666666666666, 0.6153846153846154, 0.5333333333333333, 0.25, 0.20000000000000004, 0.2608695652173913, 0.2857142857142857, 0.1818181818181818, 0.25, 0.7692307692307693, 0.7272727272727272, 0.14285714285714285, 0.19047619047619047, 0.0, 0.25, 0.2857142857142857, 0.4444444444444445, 0.6, 0.5, 0.20000000000000004, 0.5, 0.3333333333333333, 0.28571428571428575, 0.25, 0.8333333333333333, 0.3076923076923077, 0.7499999999999999, 0.37499999999999994, 0.5, 0.23529411764705882, 0.7499999999999999, 0.0, 0.0, 0.6153846153846154, 0.5, 0.5, 0.5, 0.1777777777777778, 0.14285714285714285, 0.42857142857142855, 0.3636363636363636, 0.5, 0.2857142857142857, 0.6666666666666665, 0.42857142857142855, 0.7499999999999999, 0.14285714285714285, 0.25, 0.5, 0.4000000000000001, 0.6666666666666666, 0.6666666666666665, 1.0, 0.7499999999999999, 0.3636363636363636, 0.1818181818181818, 0.15384615384615385, 0.9090909090909091, 0.4000000000000001, 0.6, 0.6153846153846154, 0.1818181818181818, 0.7499999999999999, 0.5263157894736842, 0.3076923076923077, 0.4, 0.3636363636363636, 0.5, 0.5882352941176471, 0.13333333333333333, 0.7272727272727272, 0.4210526315789473, 0.8000000000000002, 0.6666666666666666, 0.16666666666666666, 0.22222222222222224, 0.33333333333333337, 0.6666666666666665, 0.4000000000000001, 0.14285714285714285, 0.888888888888889, 0.2727272727272727, 0.2, 0.2, 0.1, 0.7499999999999999, 0.6666666666666665, 0.0, 0.5, 0.1111111111111111, 0.5, 0.11764705882352941, 0.4, 0.5882352941176471, 0.4000000000000001, 0.25, 0.0, 0.19047619047619047, 0.19047619047619047, 0.0, 0.08000000000000002, 0.25, 0.5333333333333333, 0.4000000000000001, 0.14285714285714285, 0.13333333333333333
0.2285714285714286, 0.1935483870967742, 0.8, 0.4444444444444444, 0.5454545454545454, 0.3636363636363636, 0.5, 0.2222222222222222, 0.0, 0.4, 0.28571428571428575, 0.5, 0.1818181818181818, 0.0, 0.4444444444444444, 0.4, 0.4444444444444444, 0.4, 0.0, 0.7499999999999999, 0.3636363636363636, 0.0, 0.3076923076923077, 0.6, 0.7499999999999999, 0.30769230769230765, 0.4, 0.0, 0.37499999999999994, 0.28571428571428575, 0.25, 0.30769230769230765, 0.6, 0.4615384615384615, 0.0, 0.2222222222222222, 0.25, 0.11764705882352942, 0.2, 0.21052631578947367, 0.6, 0.3333333333333333, 0.4615384615384615, 0.0, 0.21052631578947367, 0.45454545454545453, 0.47619047619047616, 0.3333333333333333, 0.4444444444444444, 0.15384615384615383, 0.5882352941176471, 0.9090909090909091, 0.23529411764705885, 0.25, 0.23529411764705885, 0.23529411764705885, 0.09523809523809522, 0.125, 0.1818181818181818, 0.6666666666666666, 0.6666666666666666, 0.0, 0.0, 0.4444444444444444, 0.5454545454545454, 0.16666666666666666, 0.5714285714285715, 0.3333333333333333, 0.0, 0.11764705882352942, 0.13333333333333333, 0.08333333333333333, 0.4444444444444445, 0.0, 0.16666666666666666, 0.5714285714285715, 0.4615384615384615, 0.6, 0.3333333333333333, 0.1818181818181818, 0.6666666666666666, 0.3333333333333333, 0.1818181818181818, 0.2222222222222222, 0.1818181818181818, 0.6666666666666666, 0.13333333333333333, 0.923076923076923, 0.30769230769230765, 0.3, 0.5, 0.6, 0.5, 0.42105263157894735, 0.2222222222222222, 0.5, 0.23529411764705885, 0.16666666666666666, 0.3636363636363636, 0.37499999999999994, 0.7692307692307692, 0.3636363636363636, 0.2222222222222222, 0.3333333333333333, 0.6666666666666666, 0.16666666666666666, 0.7142857142857143, 0.7142857142857143, 0.0, 0.1818181818181818, 0.42857142857142855, 0.4444444444444444, 0.3636363636363636, 0.5454545454545454, 0.0, 0.16666666666666666, 0.0, 0.4, 0.5, 0.7499999999999999, 0.7142857142857143, 0.5, 0.2222222222222222, 0.1818181818181818, 0.25, 0.26666666666666666, 0.16666666666666666, 0.2222222222222222, 0.7142857142857143, 0.6666666666666666, 0.13333333333333333, 0.2727272727272727, 0.0, 0.4444444444444444, 0.26666666666666666, 0.4, 0.5454545454545454, 0.4444444444444444, 0.1818181818181818, 0.4615384615384615, 0.30769230769230765, 0.25, 0.2222222222222222, 0.7692307692307692, 0.28571428571428575, 0.6666666666666666, 0.3529411764705882, 0.4615384615384615, 0.2222222222222222, 0.6666666666666666, 0.0, 0.0, 0.7142857142857143, 0.6666666666666666, 0.4615384615384615, 0.5714285714285715, 0.1739130434782609, 0.26666666666666666, 0.4, 0.3333333333333333, 0.4615384615384615, 0.26666666666666666, 0.6, 0.5333333333333333, 0.6666666666666666, 0.13333333333333333, 0.2222222222222222, 0.4444444444444444, 0.3636363636363636, 0.6153846153846153, 0.6, 0.9090909090909091, 0.6666666666666666, 0.3333333333333333, 0.16666666666666666, 0.14285714285714288, 0.8333333333333334, 0.3636363636363636, 0.5454545454545454, 0.5714285714285715, 0.16666666666666666, 0.6666666666666666, 0.6, 0.28571428571428575, 0.5, 0.3478260869565218, 0.4615384615384615, 0.5555555555555556, 0.125, 0.8333333333333334, 0.5, 0.7272727272727272, 0.7499999999999999, 0.15384615384615383, 0.2, 0.3157894736842105, 0.6, 0.5454545454545454, 0.13333333333333333, 0.8, 0.2608695652173913, 0.19047619047619044, 0.19047619047619044, 0.09523809523809522, 0.6666666666666666, 0.6, 0.0, 0.6153846153846153, 0.10526315789473684, 0.4615384615384615, 0.1111111111111111, 0.47619047619047616, 0.5555555555555556, 0.3636363636363636, 0.2222222222222222, 0.0, 0.2727272727272727, 0.18181818181818182, 0.0, 0.07692307692307691, 0.23999999999999996, 0.625, 0.3636363636363636, 0.13333333333333333, 0.12903225806451613
0.2777777777777778, 0.25, 0.8750000000000001, 0.4, 0.5, 0.3333333333333333, 0.4615384615384615, 0.2105263157894737, 0.0, 0.375, 0.26666666666666666, 0.4615384615384615, 0.16666666666666666, 0.2, 0.4, 0.36363636363636365, 0.4, 0.36363636363636365, 0.0, 0.7058823529411764, 0.3333333333333333, 0.0, 0.35, 0.5454545454545454, 0.7058823529411764, 0.2857142857142857, 0.36363636363636365, 0.0, 0.3529411764705882, 0.26666666666666666, 0.22222222222222224, 0.2857142857142857, 0.5454545454545454, 0.5714285714285714, 0.0, 0.2, 0.23529411764705882, 0.1111111111111111, 0.19047619047619047, 0.2, 0.5454545454545454, 0.30769230769230765, 0.42857142857142855, 0.0, 0.3, 0.43478260869565216, 0.4545454545454545, 0.4210526315789474, 0.4, 0.14285714285714285, 0.6666666666666665, 0.8333333333333333, 0.2222222222222222, 0.23529411764705882, 0.2222222222222222, 0.33333333333333326, 0.09090909090909091, 0.11764705882352941, 0.3333333333333333, 0.6153846153846153, 0.6153846153846153, 0.0, 0.0, 0.6, 0.5217391304347825, 0.30769230769230765, 0.6363636363636364, 0.30769230769230765, 0.15384615384615383, 0.2222222222222222, 0.125, 0.08, 0.42857142857142855, 0.0, 0.15384615384615383, 0.5333333333333333, 0.42857142857142855, 0.7272727272727273, 0.30769230769230765, 0.16666666666666666, 0.6, 0.30769230769230765, 0.16666666666666666, 0.2105263157894737, 0.16666666666666666, 0.6, 0.125, 0.8571428571428571, 0.2857142857142857, 0.2857142857142857, 0.47058823529411764, 0.6666666666666666, 0.4444444444444445, 0.4, 0.2, 0.4761904761904762, 0.2222222222222222, 0.15384615384615383, 0.3333333333333333, 0.3529411764705882, 0.8571428571428571, 0.3333333333333333, 0.2, 0.30769230769230765, 0.6153846153846153, 0.15384615384615383, 0.6666666666666666, 0.7999999999999999, 0.0, 0.16666666666666666, 0.5333333333333333, 0.4, 0.3333333333333333, 0.5, 0.0, 0.15384615384615383, 0.0, 0.36363636363636365, 0.4444444444444445, 0.7058823529411764, 0.7999999999999999, 0.588235294117647, 0.2, 0.16666666666666666, 0.24, 0.25, 0.15384615384615383, 0.2, 0.7999999999999999, 0.6153846153846153, 0.125, 0.34782608695652173, 0.0, 0.4, 0.375, 0.36363636363636365, 0.5, 0.4, 0.16666666666666666, 0.42857142857142855, 0.42857142857142855, 0.22222222222222224, 0.2, 0.7142857142857143, 0.39999999999999997, 0.6, 0.33333333333333326, 0.42857142857142855, 0.2105263157894737, 0.6, 0.0, 0.0, 0.6666666666666666, 0.6, 0.5714285714285714, 0.6363636363636364, 0.2127659574468085, 0.25, 0.375, 0.30769230769230765, 0.42857142857142855, 0.25, 0.5454545454545454, 0.6250000000000001, 0.6, 0.125, 0.2, 0.4, 0.5, 0.5714285714285714, 0.5454545454545454, 0.8333333333333333, 0.6, 0.30769230769230765, 0.15384615384615383, 0.13333333333333333, 0.7692307692307692, 0.3333333333333333, 0.5, 0.5333333333333333, 0.15384615384615383, 0.6, 0.6666666666666666, 0.26666666666666666, 0.588235294117647, 0.3333333333333333, 0.5714285714285714, 0.5263157894736842, 0.11764705882352941, 0.7692307692307692, 0.5714285714285714, 0.6666666666666666, 0.8235294117647058, 0.14285714285714285, 0.18181818181818182, 0.3, 0.5454545454545454, 0.5, 0.125, 0.7272727272727273, 0.3333333333333333, 0.18181818181818182, 0.18181818181818182, 0.09090909090909091, 0.6, 0.5454545454545454, 0.0, 0.5714285714285714, 0.1, 0.42857142857142855, 0.2105263157894737, 0.4545454545454545, 0.5263157894736842, 0.3333333333333333, 0.4, 0.0, 0.26086956521739124, 0.17391304347826086, 0.0, 0.14814814814814817, 0.3076923076923077, 0.588235294117647, 0.3333333333333333, 0.125, 0.125
0.32432432432432434, 0.24242424242424243, 0.823529411764706, 0.36363636363636365, 0.4615384615384615, 0.3076923076923077, 0.42857142857142855, 0.2, 0.0, 0.35294117647058826, 0.25, 0.42857142857142855, 0.15384615384615385, 0.18181818181818182, 0.36363636363636365, 0.3333333333333333, 0.36363636363636365, 0.3333333333333333, 0.0, 0.7777777777777777, 0.4615384615384615, 0.0, 0.3414634146341463, 0.5, 0.7777777777777777, 0.26666666666666666, 0.3333333333333333, 0.0, 0.4444444444444445, 0.25, 0.2, 0.26666666666666666, 0.5, 0.5333333333333333, 0.0, 0.18181818181818182, 0.22222222222222224, 0.10526315789473685, 0.18181818181818182, 0.1904761904761905, 0.5, 0.42857142857142855, 0.39999999999999997, 0.0, 0.2857142857142857, 0.4166666666666667, 0.43478260869565216, 0.4, 0.36363636363636365, 0.26666666666666666, 0.631578947368421, 0.7692307692307693, 0.3157894736842105, 0.22222222222222224, 0.2105263157894737, 0.3157894736842105, 0.08695652173913045, 0.11111111111111112, 0.3076923076923077, 0.7142857142857143, 0.5714285714285715, 0.0, 0.0, 0.5454545454545454, 0.5, 0.28571428571428575, 0.608695652173913, 0.28571428571428575, 0.14285714285714288, 0.2105263157894737, 0.11764705882352941, 0.07692307692307691, 0.4137931034482759, 0.0, 0.14285714285714288, 0.5, 0.5333333333333333, 0.6666666666666666, 0.28571428571428575, 0.15384615384615385, 0.5454545454545454, 0.28571428571428575, 0.15384615384615385, 0.3, 0.15384615384615385, 0.5454545454545454, 0.11764705882352941, 0.7999999999999999, 0.39999999999999997, 0.36363636363636365, 0.5555555555555556, 0.6363636363636364, 0.4, 0.380952380952381, 0.36363636363636365, 0.5454545454545454, 0.2105263157894737, 0.14285714285714288, 0.4615384615384615, 0.33333333333333326, 0.7999999999999999, 0.3076923076923077, 0.18181818181818182, 0.28571428571428575, 0.5714285714285715, 0.28571428571428575, 0.625, 0.75, 0.0, 0.15384615384615385, 0.625, 0.36363636363636365, 0.3076923076923077, 0.4615384615384615, 0.0, 0.14285714285714288, 0.0, 0.3333333333333333, 0.4, 0.7777777777777777, 0.75, 0.6666666666666665, 0.36363636363636365, 0.15384615384615385, 0.23076923076923078, 0.23529411764705882, 0.14285714285714288, 0.18181818181818182, 0.75, 0.7142857142857143, 0.11764705882352941, 0.4166666666666667, 0.0, 0.36363636363636365, 0.47058823529411764, 0.3333333333333333, 0.4615384615384615, 0.36363636363636365, 0.15384615384615385, 0.39999999999999997, 0.39999999999999997, 0.2, 0.18181818181818182, 0.7999999999999999, 0.375, 0.5454545454545454, 0.3157894736842105, 0.5333333333333333, 0.3, 0.5454545454545454, 0.14285714285714288, 0.0, 0.625, 0.5454545454545454, 0.5333333333333333, 0.6956521739130436, 0.20833333333333334, 0.23529411764705882, 0.35294117647058826, 0.28571428571428575, 0.39999999999999997, 0.23529411764705882, 0.5, 0.5882352941176471, 0.5454545454545454, 0.11764705882352941, 0.18181818181818182, 0.5454545454545454, 0.6153846153846154, 0.6666666666666666, 0.5, 0.7692307692307693, 0.5454545454545454, 0.28571428571428575, 0.14285714285714288, 0.125, 0.7142857142857143, 0.4615384615384615, 0.4615384615384615, 0.5, 0.14285714285714288, 0.5454545454545454, 0.6363636363636364, 0.25, 0.6666666666666665, 0.4, 0.5333333333333333, 0.5, 0.11111111111111112, 0.7142857142857143, 0.6363636363636364, 0.6153846153846154, 0.7777777777777777, 0.13333333333333333, 0.16666666666666666, 0.2857142857142857, 0.5, 0.4615384615384615, 0.23529411764705882, 0.6666666666666666, 0.31999999999999995, 0.1739130434782609, 0.26086956521739135, 0.08695652173913045, 0.5454545454545454, 0.5, 0.0, 0.5333333333333333, 0.09523809523809525, 0.39999999999999997, 0.2, 0.5217391304347827, 0.6, 0.3076923076923077, 0.36363636363636365, 0.0, 0.25, 0.16666666666666666, 0.07407407407407407, 0.14285714285714288, 0.37037037037037035, 0.6666666666666665, 0.3076923076923077, 0.23529411764705882, 0.12121212121212122
0.31578947368421056, 0.23529411764705882, 0.8888888888888888, 0.5, 0.42857142857142855, 0.2857142857142857, 0.4, 0.1904761904761905, 0.0, 0.3333333333333333, 0.35294117647058826, 0.4, 0.14285714285714285, 0.16666666666666666, 0.3333333333333333, 0.30769230769230765, 0.3333333333333333, 0.30769230769230765, 0.10526315789473685, 0.8421052631578948, 0.42857142857142855, 0.0, 0.38095238095238093, 0.46153846153846156, 0.8421052631578948, 0.25, 0.30769230769230765, 0.0, 0.5263157894736842, 0.23529411764705882, 0.1818181818181818, 0.25, 0.46153846153846156, 0.5, 0.0, 0.16666666666666666, 0.2105263157894737, 0.09999999999999999, 0.2608695652173913, 0.18181818181818185, 0.46153846153846156, 0.4, 0.375, 0.0, 0.27272727272727276, 0.39999999999999997, 0.5, 0.380952380952381, 0.3333333333333333, 0.25, 0.6, 0.7142857142857143, 0.3, 0.2105263157894737, 0.19999999999999998, 0.3, 0.08333333333333334, 0.2105263157894737, 0.2857142857142857, 0.6666666666666667, 0.5333333333333333, 0.0, 0.0, 0.5, 0.4800000000000001, 0.26666666666666666, 0.5833333333333334, 0.26666666666666666, 0.13333333333333333, 0.19999999999999998, 0.1111111111111111, 0.14814814814814814, 0.4, 0.0, 0.13333333333333333, 0.47058823529411764, 0.5, 0.6153846153846153, 0.26666666666666666, 0.14285714285714285, 0.5, 0.26666666666666666, 0.14285714285714285, 0.28571428571428575, 0.14285714285714285, 0.5, 0.1111111111111111, 0.8750000000000001, 0.375, 0.43478260869565216, 0.5263157894736842, 0.6956521739130435, 0.3636363636363636, 0.4545454545454546, 0.3333333333333333, 0.6086956521739131, 0.3, 0.13333333333333333, 0.42857142857142855, 0.3157894736842105, 0.75, 0.42857142857142855, 0.3333333333333333, 0.26666666666666666, 0.5333333333333333, 0.4, 0.5882352941176471, 0.7058823529411765, 0.0, 0.14285714285714285, 0.5882352941176471, 0.3333333333333333, 0.2857142857142857, 0.42857142857142855, 0.0, 0.13333333333333333, 0.0, 0.30769230769230765, 0.3636363636363636, 0.7368421052631577, 0.7058823529411765, 0.631578947368421, 0.3333333333333333, 0.14285714285714285, 0.2222222222222222, 0.2222222222222222, 0.13333333333333333, 0.16666666666666666, 0.7058823529411765, 0.6666666666666667, 0.2222222222222222, 0.4800000000000001, 0.0, 0.3333333333333333, 0.4444444444444444, 0.30769230769230765, 0.5714285714285714, 0.3333333333333333, 0.14285714285714285, 0.375, 0.5, 0.1818181818181818, 0.16666666666666666, 0.75, 0.35294117647058826, 0.5, 0.39999999999999997, 0.5, 0.380952380952381, 0.5, 0.13333333333333333, 0.0, 0.5882352941176471, 0.5, 0.5, 0.6666666666666667, 0.24489795918367346, 0.2222222222222222, 0.3333333333333333, 0.26666666666666666, 0.375, 0.2222222222222222, 0.46153846153846156, 0.5555555555555556, 0.5, 0.1111111111111111, 0.16666666666666666, 0.5, 0.5714285714285714, 0.6250000000000001, 0.46153846153846156, 0.7142857142857143, 0.5, 0.26666666666666666, 0.13333333333333333, 0.11764705882352941, 0.8, 0.42857142857142855, 0.42857142857142855, 0.47058823529411764, 0.13333333333333333, 0.5, 0.6086956521739131, 0.23529411764705882, 0.631578947368421, 0.3846153846153846, 0.5, 0.5714285714285715, 0.10526315789473685, 0.6666666666666667, 0.6956521739130435, 0.5714285714285714, 0.7368421052631577, 0.25, 0.30769230769230765, 0.27272727272727276, 0.6153846153846153, 0.5714285714285714, 0.2222222222222222, 0.6153846153846153, 0.30769230769230765, 0.16666666666666669, 0.25, 0.08333333333333334, 0.5, 0.46153846153846156, 0.0, 0.5, 0.09090909090909093, 0.375, 0.1904761904761905, 0.5, 0.5714285714285715, 0.2857142857142857, 0.3333333333333333, 0.0, 0.24000000000000005, 0.16, 0.07142857142857142, 0.13793103448275865, 0.35714285714285715, 0.631578947368421, 0.2857142857142857, 0.2222222222222222, 0.11764705882352941
0.3076923076923077, 0.22857142857142856, 0.8421052631578948, 0.4615384615384615, 0.4, 0.26666666666666666, 0.37499999999999994, 0.1818181818181818, 0.0, 0.3157894736842105, 0.4444444444444445, 0.37499999999999994, 0.13333333333333333, 0.15384615384615383, 0.30769230769230765, 0.28571428571428575, 0.30769230769230765, 0.28571428571428575, 0.10000000000000002, 0.8000000000000002, 0.4, 0.0, 0.41860465116279066, 0.4285714285714285, 0.8000000000000002, 0.23529411764705882, 0.28571428571428575, 0.0, 0.6, 0.22222222222222224, 0.16666666666666669, 0.23529411764705882, 0.4285714285714285, 0.588235294117647, 0.0, 0.15384615384615383, 0.20000000000000004, 0.09523809523809525, 0.3333333333333333, 0.17391304347826086, 0.4285714285714285, 0.37499999999999994, 0.3529411764705882, 0.0, 0.2608695652173913, 0.38461538461538464, 0.48, 0.3636363636363636, 0.30769230769230765, 0.23529411764705882, 0.6666666666666666, 0.6666666666666666, 0.28571428571428564, 0.20000000000000004, 0.1904761904761905, 0.28571428571428564, 0.08, 0.20000000000000004, 0.26666666666666666, 0.625, 0.5, 0.0, 0.0, 0.4615384615384615, 0.4615384615384615, 0.25, 0.56, 0.25, 0.125, 0.1904761904761905, 0.10526315789473685, 0.21428571428571427, 0.3870967741935483, 0.0, 0.125, 0.4444444444444445, 0.47058823529411764, 0.5714285714285715, 0.25, 0.13333333333333333, 0.4615384615384615, 0.25, 0.13333333333333333, 0.2727272727272727, 0.13333333333333333, 0.4615384615384615, 0.10526315789473685, 0.8235294117647058, 0.3529411764705882, 0.41666666666666663, 0.5, 0.75, 0.33333333333333337, 0.4347826086956522, 0.30769230769230765, 0.5833333333333334, 0.28571428571428564, 0.125, 0.4, 0.3, 0.7058823529411764, 0.5333333333333333, 0.30769230769230765, 0.25, 0.5, 0.37499999999999994, 0.5555555555555556, 0.7777777777777777, 0.0, 0.13333333333333333, 0.5555555555555556, 0.30769230769230765, 0.26666666666666666, 0.4, 0.0, 0.125, 0.0, 0.28571428571428575, 0.33333333333333337, 0.7, 0.6666666666666665, 0.6, 0.30769230769230765, 0.13333333333333333, 0.2857142857142857, 0.2105263157894737, 0.125, 0.15384615384615383, 0.7777777777777777, 0.625, 0.2105263157894737, 0.4615384615384615, 0.0, 0.30769230769230765, 0.4210526315789474, 0.28571428571428575, 0.5333333333333333, 0.30769230769230765, 0.13333333333333333, 0.3529411764705882, 0.47058823529411764, 0.16666666666666669, 0.15384615384615383, 0.7058823529411764, 0.4444444444444445, 0.4615384615384615, 0.380952380952381, 0.47058823529411764, 0.3636363636363636, 0.4615384615384615, 0.125, 0.0, 0.5555555555555556, 0.4615384615384615, 0.47058823529411764, 0.64, 0.27999999999999997, 0.2105263157894737, 0.3157894736842105, 0.25, 0.3529411764705882, 0.2105263157894737, 0.4285714285714285, 0.5263157894736842, 0.4615384615384615, 0.10526315789473685, 0.30769230769230765, 0.4615384615384615, 0.5333333333333333, 0.588235294117647, 0.4285714285714285, 0.6666666666666666, 0.4615384615384615, 0.25, 0.25, 0.11111111111111112, 0.7499999999999999, 0.4, 0.4, 0.4444444444444445, 0.125, 0.4615384615384615, 0.6666666666666666, 0.22222222222222224, 0.6, 0.37037037037037035, 0.47058823529411764, 0.5454545454545454, 0.20000000000000004, 0.625, 0.6666666666666666, 0.5333333333333333, 0.8000000000000002, 0.23529411764705882, 0.28571428571428575, 0.2608695652173913, 0.5714285714285715, 0.5333333333333333, 0.2105263157894737, 0.5714285714285715, 0.37037037037037035, 0.24, 0.32, 0.08, 0.4615384615384615, 0.4285714285714285, 0.0, 0.588235294117647, 0.17391304347826086, 0.3529411764705882, 0.1818181818181818, 0.48, 0.5454545454545454, 0.26666666666666666, 0.30769230769230765, 0.0, 0.3076923076923077, 0.15384615384615385, 0.06896551724137931, 0.13333333333333333, 0.41379310344827586, 0.6, 0.26666666666666666, 0.2105263157894737, 0.11428571428571428
