0.5, 1.0, 1.0, 0.5, 0.0, 1.0, 1.0, 1.0, 0.0, 1.0, 1.0, 0.0, 1.0, 0.0, 0.5, 1.0, 0.75, 0.0, 0.0, 1.0, 1.0, 0.0, 1.0, 1.0, 0.5, 0.0, 0.0, 0.0, 0.75, 0.0, 1.0, 1.0, 1.0, 0.0, 0.0, 0.0, 0.0, 1.0, 0.0, 1.0, 1.0, 1.0, 1.0, 0.0, 0.75, 1.0, 0.5, 1.0, 1.0, 0.0, 0.75, 0.25, 0.25, 1.0, 0.25, 1.0, 0.0, 0.0, 0.0, 0.5, 1.0, 0.0, 0.0, 0.0, 0.75, 0.0, 0.5, 1.0, 0.0, 0.0, 1.0, 0.0, 0.75, 0.0, 0.0, 0.0, 0.5, 0.5, 0.0, 0.0, 0.0, 0.5, 0.0, 0.5, 0.0, 0.5, 1.0, 0.5, 0.0, 0.5, 0.0, 0.25, 1.0, 0.5, 0.25, 0.25, 0.0, 0.0, 1.0, 1.0, 0.5, 0.5, 1.0, 1.0, 1.0, 0.75, 1.0, 0.5, 0.0, 0.0, 1.0, 1.0, 0.0, 1.0, 0.0, 0.0, 0.0, 0.0, 0.0, 0.75, 0.75, 1.0, 1.0, 1.0, 0.75, 0.0, 0.0, 1.0, 1.0, 0.5, 0.0, 0.5, 0.0, 1.0, 0.25, 1.0, 1.0, 0.0, 0.0, 1.0, 0.0, 0.0, 0.0, 0.75, 0.5, 1.0, 1.0, 1.0, 0.5, 1.0, 0.0, 0.0, 1.0, 0.0, 0.0, 0.75, 1.0, 1.0, 1.0, 1.0, 0.25, 0.75, 1.0, 0.75, 1.0, 1.0, 0.0, 1.0, 1.0, 1.0, 1.0, 1.0, 1.0, 0.0, 1.0, 1.0, 0.75, 0.0, 0.0, 1.0, 0.5, 1.0, 0.25, 0.0, 0.5, 0.5, 1.0, 0.75, 1.0, 0.0, 0.5, 1.0, 1.0, 1.0, 1.0, 0.5, 0.5, 0.0, 0.0, 1.0, 0.75, 1.0, 0.0, 0.75, 1.0, 1.0, 0.0, 1.0, 0.0, 0.5, 0.0, 0.75, 1.0, 1.0, 1.0, 0.0, 0.0, 0.0, 0.0, 0.0, 0.5, 0.5, 0.5, 0.0, 1.0
0.5535340503161801, 0.8065735963827293, 1.0, 0.8597186998521972, 0.0, 0.89293189936764, 0.6787956981029196, 1.0, 0.0, 0.89293189936764, 0.7601875334318685, 0.0, 0.6787956981029196, 0.0, 0.6934264036172708, 0.89293189936764, 0.9373691761066303, 0.0, 0.0, 1.0, 0.6131471927654584, 0.0, 0.8065735963827293, 1.0, 0.5535340503161801, 0.0, 0.0, 0.0, 0.6161648742095499, 0.42827240252944054, 0.8637574337885663, 0.6787956981029196, 0.8800937667159342, 0.38685280723454163, 0.0, 0.21413620126472027, 0.21413620126472027, 0.6787956981029196, 0.38685280723454163, 0.6787956981029196, 0.9032867981913646, 0.6787956981029196, 0.8065735963827293, 0.0, 0.5090967735771897, 0.7858637987352798, 0.3393978490514598, 0.89293189936764, 1.0, 0.0, 0.5565735963827292, 0.4909032264228103, 0.19004688335796713, 1.0, 0.4909032264228103, 0.6787956981029196, 0.0, 0.0, 0.21413620126472027, 0.3393978490514598, 0.89293189936764, 0.0, 0.0, 0.0, 0.9373691761066303, 0.0, 0.5, 0.6787956981029196, 0.0, 0.38685280723454163, 0.6131471927654584, 0.0, 0.7232329748419101, 0.0, 0.21413620126472027, 0.42827240252944054, 0.6606021509485402, 0.3393978490514598, 0.4796249331362629, 0.0, 0.0, 0.7676702515809004, 0.0, 0.3393978490514598, 0.0, 0.8597186998521972, 0.6787956981029196, 0.5535340503161801, 0.0, 0.3393978490514598, 0.3212043018970804, 0.3838351257904502, 1.0, 0.3065735963827292, 0.1532867981913646, 0.66967181649423, 0.0, 0.42827240252944054, 1.0, 1.0, 0.6606021509485402, 0.6934264036172708, 0.7601875334318685, 0.7601875334318685, 1.0, 0.5090967735771897, 0.7858637987352798, 0.6606021509485402, 0.0, 0.38685280723454163, 0.6787956981029196, 0.8800937667159342, 0.0, 0.6131471927654584, 0.0, 0.0, 0.0, 0.0, 0.0, 0.9373691761066303, 0.8467132018086354, 0.6787956981029196, 0.6787956981029196, 0.6787956981029196, 0.7232329748419101, 0.3212043018970804, 0.0, 0.7601875334318685, 0.89293189936764, 0.7676702515809004, 0.42827240252944054, 0.5, 0.0, 0.6787956981029196, 0.25, 0.6131471927654584, 0.6787956981029196, 0.38685280723454163, 0.0, 0.6131471927654584, 0.0, 0.38685280723454163, 0.38685280723454163, 0.7232329748419101, 0.6606021509485402, 0.8065735963827293, 0.8800937667159342, 1.0, 0.38009376671593426, 1.0, 0.0, 0.0, 1.0, 0.3212043018970804, 0.09671320180863541, 0.75, 1.0, 0.6131471927654584, 0.7601875334318685, 0.7601875334318685, 0.1696989245257299, 0.4598603945740938, 1.0, 0.6161648742095499, 1.0, 0.6787956981029196, 0.0, 1.0, 0.6131471927654584, 1.0, 0.7098603945740938, 1.0, 1.0, 0.0, 0.6787956981029196, 0.6131471927654584, 0.8303010754742701, 0.38685280723454163, 0.23981246656813146, 0.7858637987352798, 0.3393978490514598, 1.0, 0.25, 0.23981246656813146, 0.5535340503161801, 0.6199062332840657, 0.7601875334318685, 0.8303010754742701, 0.6787956981029196, 0.38685280723454163, 0.40328679819136465, 1.0, 0.8800937667159342, 0.6787956981029196, 0.7601875334318685, 0.3393978490514598, 0.6606021509485402, 0.3212043018970804, 0.0, 1.0, 0.7232329748419101, 0.89293189936764, 0.4796249331362629, 0.5090967735771897, 1.0, 0.6787956981029196, 0.0, 1.0, 0.0, 0.6606021509485402, 0.0, 0.8303010754742701, 1.0, 0.7601875334318685, 0.8637574337885663, 0.0, 0.38685280723454163, 0.19342640361727081, 0.19342640361727081, 0.0, 0.44646594968382, 0.6199062332840657, 0.38009376671593426, 0.0, 0.7858637987352798
0.44122176246475586, 0.8519590445170673, 1.0, 0.7224242270408039, 0.0, 0.9810048227765072, 0.5803165958950902, 0.7653606369886217, 0.0, 0.7117556475070489, 0.7186363722895477, 0.0, 0.541067770084586, 0.0, 0.6012610260559063, 0.7633860993158484, 0.8013764537628341, 0.270533885042293, 0.0, 1.0, 0.4985219438614687, 0.0, 0.7932992037642228, 1.0, 0.4732278013683033, 0.23463936301137822, 0.0, 0.0, 0.49114476627467096, 0.3413757548449258, 0.8637574337885663, 0.5803165958950902, 0.7395454574298492, 0.3354350434265105, 0.0, 0.18306950342075817, 0.1706878774224629, 0.541067770084586, 0.2960819109658652, 0.541067770084586, 0.6913401592471553, 0.5803165958950902, 0.617319681505689, 0.0, 0.6763347126057324, 0.7443909220923556, 0.47343429882401267, 0.7633860993158484, 0.9132224589335864, 0.0, 0.45252453969372164, 0.3912987586548408, 0.15969697161989949, 0.8549208510262275, 0.3912987586548408, 0.5803165958950902, 0.0, 0.21761872346065883, 0.3281486523945307, 0.36269787243443136, 0.9146560612887686, 0.0, 0.0, 0.0, 0.8824435249295117, 0.20290041378171972, 0.5586598407528446, 0.5803165958950902, 0.0, 0.3145323271904804, 0.46927872602275644, 0.0, 0.8470225900281954, 0.0, 0.18306950342075817, 0.3413757548449258, 0.5647625530786824, 0.5803165958950902, 0.4030302838010049, 0.23463936301137822, 0.0, 0.6119096398872188, 0.0, 0.270533885042293, 0.0, 0.7224242270408039, 0.541067770084586, 0.6441221762464757, 0.0, 0.3381673563028662, 0.25603181613369436, 0.37358829120418263, 1.0, 0.3987389739440937, 0.14237471601099916, 0.5627272554209044, 0.07984848580994974, 0.3947758812878204, 0.7970995862182803, 1.0, 0.7294661149577071, 0.5637932991212148, 0.6387878864795979, 0.6387878864795979, 1.0, 0.43523744692131766, 0.8293121225775372, 0.7294661149577071, 0.0, 0.2960819109658652, 0.541067770084586, 0.8037213937324477, 0.0, 0.747782915792203, 0.0, 0.0, 0.0, 0.0, 0.0, 0.7471765824083653, 0.8826803184943108, 0.541067770084586, 0.5803165958950902, 0.541067770084586, 0.5764887049859024, 0.45893222991541405, 0.0, 0.6387878864795979, 0.8470225900281954, 0.8739160282497203, 0.3413757548449258, 0.566456495657349, 0.0, 0.5803165958950902, 0.2322031604986251, 0.5694988640439966, 0.7253957448688627, 0.2960819109658652, 0.0, 0.7039180890341347, 0.17597952225853367, 0.38685280723454163, 0.2960819109658652, 0.8470225900281954, 0.5265657011759873, 0.9651954696014428, 0.8992424290497487, 1.0, 0.31939394323979897, 1.0, 0.0, 0.0, 0.9201515141900503, 0.4196834041049098, 0.2655788107456709, 0.6913401592471553, 0.9323665287394267, 0.46927872602275644, 0.6387878864795979, 0.6387878864795979, 0.3381673563028662, 0.35195904451706733, 1.0, 0.6718513476054694, 0.7653606369886217, 0.541067770084586, 0.0, 0.7653606369886217, 0.46927872602275644, 0.7970995862182803, 0.777938566775601, 0.8826803184943108, 1.0, 0.0, 0.541067770084586, 0.46927872602275644, 0.7294661149577071, 0.40189153908385944, 0.20151514190050246, 0.8894700710661282, 0.270533885042293, 0.8670870086853021, 0.42597952225853364, 0.20151514190050246, 0.44122176246475586, 0.5209090851403014, 0.7984848580994974, 0.7970995862182803, 0.541067770084586, 0.2960819109658652, 0.42597952225853364, 1.0, 0.819393943239799, 0.541067770084586, 0.6387878864795979, 0.270533885042293, 0.8549208510262275, 0.25603181613369436, 0.0, 0.7970995862182803, 0.7117556475070489, 0.7117556475070489, 0.4030302838010049, 0.40580082756343944, 0.7970995862182803, 0.541067770084586, 0.0, 0.8403030283801005, 0.0, 0.8549208510262275, 0.0, 0.9323665287394267, 1.0, 0.7984848580994974, 0.7795858045446329, 0.0, 0.2960819109658652, 0.1480409554829326, 0.1572661635952402, 0.0, 0.35587782375352445, 0.6007575709502512, 0.31939394323979897, 0.0, 0.6264117087958174
0.4747609195056608, 0.7398171792688994, 1.0, 0.7224242270408039, 0.0, 0.8720318996618792, 0.6269362722373225, 0.6366824387328317, 0.0, 0.6374810691288156, 0.6317374249488249, 0.0, 0.5112823514092881, 0.0, 0.6012610260559063, 0.6785869089590915, 0.8013764537628341, 0.2302868965932071, 0.0, 1.0, 0.4293804109309318, 0.0, 0.6888786298146446, 0.8956459584994053, 0.42066025468870755, 0.20375419781701914, 0.22216592739310984, 0.0, 0.5668465243402034, 0.2905897098365758, 0.8637574337885663, 0.5158533085407676, 0.6919543964268173, 0.40370220765864395, 0.0, 0.18306950342075817, 0.1528759075782708, 0.4605737931864142, 0.2571091716356838, 0.5597529611805799, 0.6003402743608012, 0.5158533085407676, 0.5135312443624667, 0.0, 0.6057564519381811, 0.7172432541658029, 0.5517708210293613, 0.6785869089590915, 0.9132224589335864, 0.16514799248146744, 0.5746866048963377, 0.33308573067403535, 0.149420188439086, 0.7599537091682532, 0.33308573067403535, 0.5158533085407676, 0.05554148184827746, 0.19344499070278784, 0.2916969275535157, 0.5445742452310897, 0.81920800471027, 0.0, 0.0, 0.0, 0.8503426710171558, 0.1817269355814543, 0.6328612743845715, 0.6824777540856001, 0.0, 0.270908876857064, 0.3903800499921017, 0.0, 0.7706016803983886, 0.0, 0.16273360041832377, 0.4101058566571362, 0.5020270548978695, 0.5158533085407676, 0.3770945706818931, 0.21310438238558402, 0.0, 0.704585458182706, 0.14876875199124875, 0.24230258077527242, 0.0, 0.7224242270408039, 0.48460516155054484, 0.6970656759476491, 0.05217702075029731, 0.28785862074150886, 0.22931386136740617, 0.3867798639100224, 1.0, 0.3577786754048136, 0.14237471601099916, 0.49468115029514265, 0.19111504712013985, 0.36985881974186924, 0.713919022917951, 0.8512312480087513, 0.6209443514155443, 0.5091370050662233, 0.6387878864795979, 0.5615443777322888, 1.0, 0.3868899814055757, 0.7427700509211346, 0.6209443514155443, 0.0, 0.26890779092706835, 0.609342545177663, 0.8037213937324477, 0.0, 0.6752899595996705, 0.0, 0.10272459231693523, 0.0, 0.1666244455448324, 0.0, 0.7351992227205522, 0.9024049875019746, 0.5101633771834971, 0.5803165958950902, 0.48460516155054484, 0.4907251998080986, 0.4110407969488605, 0.10435404150059462, 0.6387878864795979, 0.9151634217673439, 0.8879218095063741, 0.3057518151565416, 0.6109920753926031, 0.0, 0.5803165958950902, 0.21878765860225052, 0.5365961547347896, 0.6448166356759595, 0.2960819109658652, 0.0, 0.6112625934510575, 0.284443883276023, 0.38685280723454163, 0.49818925746641285, 0.8629864010170465, 0.5969979309618877, 0.9651954696014428, 0.7905042361308787, 0.8512312480087513, 0.40169418876974816, 1.0, 0.0, 0.0, 0.8088849528798602, 0.6696121582178755, 0.23983257786650092, 0.7012024937509873, 0.7936595238604496, 0.4075083956340383, 0.6824663776358925, 0.5615443777322888, 0.30287822596909053, 0.29278503749407625, 0.8790780000963964, 0.5972201087499295, 0.7653606369886217, 0.4605737931864142, 0.0, 0.7653606369886217, 0.3903800499921017, 0.8182730644185456, 0.7405223166642391, 0.9852268707233874, 1.0, 0.0, 0.4605737931864142, 0.3903800499921017, 0.8620514607253221, 0.5967047028780897, 0.41899152773824266, 0.8462065813009948, 0.2302868965932071, 0.9815720279306078, 0.3963925187470381, 0.41899152773824266, 0.375581751511495, 0.45791971679717963, 0.7019304721653611, 0.8768744115521777, 0.4605737931864142, 0.38873740654894245, 0.45766074624328873, 1.0, 0.8412331888179463, 0.4605737931864142, 0.5615443777322888, 0.3790556485844559, 0.7599537091682532, 0.3667110343686806, 0.0, 0.678516075563846, 0.6058686481047021, 0.6058686481047021, 0.4752170557656742, 0.3634538711629086, 0.7970995862182803, 0.48460516155054484, 0.0, 0.7386919056633241, 0.0, 0.7599537091682532, 0.0, 0.8432491078575325, 0.8613069418870953, 0.7019304721653611, 0.7795858045446329, 0.0, 0.33036615687628873, 0.20721496250592375, 0.135454438428532, 0.0, 0.4021134920465169, 0.5885737639655176, 0.40169418876974816, 0.0, 0.5332212206455582
0.49738248320741835, 0.661594052920429, 1.0, 0.7224242270408039, 0.15232257932946242, 0.7929151075414687, 0.5700562581660739, 0.5531464700081437, 0.0, 0.71140076073658, 0.5698425467397443, 0.0, 0.487191810963602, 0.0, 0.6012610260559063, 0.6785869089590915, 0.8013764537628341, 0.36391759521782624, 0.0, 1.0, 0.5114804296384912, 0.0, 0.7217744410119034, 0.8956459584994053, 0.4732219811744674, 0.18221064515766836, 0.22216592739310984, 0.0, 0.5000275001620296, 0.2668195236058199, 0.8637574337885663, 0.5144149862537882, 0.8075616351371666, 0.3695986762335118, 0.0, 0.18306950342075817, 0.2683272836641548, 0.40628204030219606, 0.30041293448210893, 0.4937701156643887, 0.6003402743608012, 0.6051419334573107, 0.4774770439198113, 0.0, 0.63954395554885, 0.6521699633130196, 0.4867288983077106, 0.7077477375004809, 0.9132224589335864, 0.15736656920051045, 0.6218025434955298, 0.3188816067128426, 0.19590007445860505, 0.6910054291194242, 0.41170059161674044, 0.4913404208633393, 0.1412293199605458, 0.35734821165155495, 0.2652321558079382, 0.5186965643393424, 0.7490001508262617, 0.0, 0.0, 0.0, 0.8679840540976737, 0.16615255390215944, 0.6810317393367261, 0.6205586309230973, 0.0, 0.2408977693892108, 0.3506623763407279, 0.08179982093696271, 0.7976428127079396, 0.0, 0.14796927764493142, 0.3749589197429353, 0.5018431463951718, 0.5158533085407676, 0.35648825905111364, 0.1968740777898919, 0.0, 0.6442009982989386, 0.13123211304328905, 0.26438779314037186, 0.0, 0.7224242270408039, 0.46290964348206715, 0.7627455598792726, 0.049841082988459545, 0.293219112143843, 0.20966117977751553, 0.39648306837778635, 1.0, 0.3697930992069174, 0.14237471601099916, 0.4462144482435331, 0.17239042815937147, 0.3500149085198031, 0.6527346568499407, 0.7508893760917997, 0.6263340298506426, 0.4878942662605302, 0.6387878864795979, 0.5065267082131061, 0.9412023191311327, 0.3685053156475045, 0.6791130909004232, 0.5701512146579343, 0.0, 0.2582622185888705, 0.559498434092857, 0.8037213937324477, 0.0, 0.7413524372152845, 0.0, 0.09404673201358822, 0.0, 0.1666244455448324, 0.3341469880308106, 0.6485350331572133, 0.7840048711692542, 0.5679045888482037, 0.5803165958950902, 0.4430734770724252, 0.4328792440108339, 0.37581373367967497, 0.09968216597691909, 0.6387878864795979, 0.8367319862515805, 0.8073633743744333, 0.2795482397033541, 0.7283312291251001, 0.0, 0.5803165958950902, 0.2573292495181151, 0.5365961547347896, 0.5863143908150339, 0.2960819109658652, 0.1705761928912312, 0.546631935473005, 0.25436876411950676, 0.38685280723454163, 0.49818925746641285, 0.7890266462317898, 0.5266247038706672, 0.9651954696014428, 0.7130540780639468, 0.7816006843456882, 0.3623379437392863, 1.0, 0.0, 0.0, 0.7786217520877506, 0.6696121582178755, 0.3007249410593102, 0.6976887826649749, 0.8179826319189364, 0.3777342897524195, 0.6156012978458393, 0.5326185286938011, 0.27692092317026573, 0.25437015395521206, 0.8790780000963964, 0.5430361514744928, 0.7653606369886217, 0.40628204030219606, 0.0, 0.7653606369886217, 0.3391602052736161, 0.8338474460978405, 0.7405223166642391, 0.9863520113014781, 1.0, 0.1356547246789459, 0.4228989393755078, 0.3391602052736161, 0.7881718322950502, 0.5690305612036651, 0.4759162043663505, 0.7694328414760263, 0.2114494696877539, 0.9815720279306078, 0.38997681142020707, 0.3779405648605947, 0.4491872448001962, 0.5110303792074372, 0.6331583852663827, 0.7735097617028616, 0.4228989393755078, 0.4333985653713706, 0.5150039293419428, 0.8687949224876582, 0.8567884686757975, 0.40628204030219606, 0.5615443777322888, 0.37366597014935754, 0.8597333594333643, 0.33671413742171413, 0.0, 0.678516075563846, 0.5563087011784178, 0.6523282649512941, 0.42865736082298983, 0.4180072170126374, 0.7970995862182803, 0.48460516155054484, 0.0, 0.6663180938082345, 0.0, 0.6910054291194242, 0.04285105460415925, 0.8560713027664955, 0.8397448200216874, 0.6331583852663827, 0.7795858045446329, 0.0, 0.29675435933556793, 0.1926667341850143, 0.1204488846946054, 0.0, 0.36922068040077505, 0.5309078730446862, 0.3623379437392863, 0.0, 0.4896038202769628
0.48131995104207137, 0.6028976762897053, 0.9172509175420708, 0.7224242270408039, 0.15232257932946242, 0.7929151075414687, 0.6273900126026286, 0.601312434202259, 0.0, 0.6593680629758207, 0.5452479840475251, 0.0, 0.487191810963602, 0.0, 0.6012610260559063, 0.6785869089590915, 0.8013764537628341, 0.36391759521782624, 0.0, 1.0, 0.6527000343511016, 0.0, 0.7168852999079732, 0.8956459584994053, 0.4367370710878528, 0.1660449849509434, 0.22216592739310984, 0.0, 0.4662868479783249, 0.24813038729640488, 0.8637574337885663, 0.4937894597820036, 0.8075616351371666, 0.41509540643150616, 0.0, 0.18306950342075817, 0.24870150699587215, 0.3665017772190545, 0.33290682845200925, 0.5106989227559416, 0.6003402743608012, 0.6610689238145958, 0.5699264841082236, 0.0, 0.5927669499840278, 0.7175367549833568, 0.5696224151553261, 0.653181141708326, 0.9132224589335864, 0.15082306437924028, 0.6568092523247588, 0.4366792510386009, 0.18651535077025402, 0.6377296474488137, 0.3839200266256858, 0.47074317231229545, 0.29594716243497676, 0.4232105190295716, 0.2652321558079382, 0.5807935825130291, 0.7205690267763594, 0.0, 0.0, 0.0, 0.8482724797704908, 0.15399995849248072, 0.624451169859513, 0.572714222266276, 0.0, 0.22555919528417626, 0.3300493956855949, 0.07607022520529831, 0.7195432715313287, 0.0, 0.13656100413857825, 0.3475339783871174, 0.6421021371215523, 0.6077286365386044, 0.33941045130355746, 0.1968740777898919, 0.0507148971055815, 0.5970833710884164, 0.13123211304328905, 0.2450501554945203, 0.0, 0.7224242270408039, 0.4445826419112595, 0.8494079471302366, 0.04786783049937927, 0.2734333922119308, 0.23089690640959024, 0.44062501456306374, 1.0, 0.4152757976933151, 0.14237471601099916, 0.4506651533008743, 0.15812527840465393, 0.33353735606192936, 0.6527346568499407, 0.7002211683253416, 0.5840705170535251, 0.4878942662605302, 0.6387878864795979, 0.46461208786803637, 0.892862850148481, 0.3530573792342216, 0.6533347936464067, 0.5302154797322451, 0.0, 0.2582622185888705, 0.6253750301039651, 0.8037213937324477, 0.0, 0.7413524372152845, 0.0, 0.09052595693021807, 0.0, 0.2584997735426692, 0.3341469880308106, 0.7059898397099383, 0.6994976489628221, 0.5633225506337809, 0.7353513025870099, 0.4430734770724252, 0.3904947709064506, 0.3483262702158318, 0.09573566099875853, 0.6387878864795979, 0.7755324135911438, 0.7451165192132042, 0.29567234365070727, 0.6757667940945786, 0.0, 0.6836730670230367, 0.24614742274447557, 0.72773556162585, 0.5863143908150339, 0.2960819109658652, 0.1705761928912312, 0.5294500269388732, 0.23886527520912737, 0.38685280723454163, 0.49818925746641285, 0.7313162988798191, 0.5923057260149854, 0.9651954696014428, 0.6540495073612707, 0.7268541593093545, 0.4151038938130968, 1.0, 0.0, 0.0, 0.7450162208672223, 0.6696121582178755, 0.41745096096444967, 0.7521361188607635, 0.8358044848922552, 0.3539237726299721, 0.5646608552891857, 0.5085000475363634, 0.26640934568929725, 0.316317577065784, 0.8790780000963964, 0.5011686433102354, 0.9325210919548239, 0.3665017772190545, 0.0, 0.7653606369886217, 0.3391602052736161, 0.7728588521350409, 0.7405223166642391, 0.9863520113014781, 1.0, 0.13154689471258477, 0.39327735915421885, 0.31984005822857786, 0.7582537994189561, 0.5690305612036651, 0.4759162043663505, 0.7385823455453056, 0.19663867957710943, 0.9815720279306078, 0.3964443026905214, 0.4294154123526782, 0.52009356029666, 0.5514921666778235, 0.5807651098350455, 0.7956860834977457, 0.39327735915421885, 0.406079245305451, 0.5580325991162619, 0.8687949224876582, 0.9061297960977082, 0.37886710611181607, 0.5615443777322888, 0.3370792419083002, 0.8597333594333643, 0.33671413742171413, 0.0, 0.8015608470587994, 0.5173425528024214, 0.6420495202746447, 0.39318635752604997, 0.4021401774298944, 0.7970995862182803, 0.48460516155054484, 0.0, 0.6375596196913285, 0.0, 0.6377296474488137, 0.039716877504546035, 0.7961085494725586, 0.8499486752090784, 0.6331583852663827, 0.7795858045446329, 0.0, 0.27133530342874, 0.18096777644700296, 0.10929989634793313, 0.0731411893724783, 0.34335894610557693, 0.6524738985964061, 0.3623379437392863, 0.0, 0.4553099559783201
0.4409204215174879, 0.5566806603542075, 0.9231980994375002, 0.7224242270408039, 0.15232257932946242, 0.7929151075414687, 0.6273900126026286, 0.5724420435416117, 0.0, 0.617129021344048, 0.5240810125248039, 0.0, 0.487191810963602, 0.1898329546813322, 0.6012610260559063, 0.6785869089590915, 0.8013764537628341, 0.36391759521782624, 0.0, 1.0, 0.6527000343511016, 0.0, 0.6619302044866896, 0.8956459584994053, 0.4073477369717827, 0.2555271414099216, 0.22216592739310984, 0.0, 0.4385921577186261, 0.23286684436531058, 0.8637574337885663, 0.47593228837344315, 0.8075616351371666, 0.38883482763843613, 0.0, 0.18306950342075817, 0.2327697173054933, 0.39169607944406704, 0.30738680938295376, 0.4678334729374108, 0.6003402743608012, 0.7361097304368551, 0.5392833277196869, 0.0, 0.5547943679252082, 0.6692515764885717, 0.5218112294167971, 0.6092266434923488, 0.9132224589335864, 0.14517417106916394, 0.6044526969770065, 0.5836569384184712, 0.2214186863561501, 0.5948149261545761, 0.4502085983528716, 0.4529736511845858, 0.2852446674691839, 0.4079057314718273, 0.2652321558079382, 0.5807935825130291, 0.8271327650520782, 0.0, 0.0, 0.12463048596536717, 0.7994397954674166, 0.15399995849248072, 0.6755880001092317, 0.572714222266276, 0.10656373827571891, 0.21287527511727203, 0.3128405878575435, 0.07139082595537055, 0.6781211692481126, 0.10717498240896725, 0.13656100413857825, 0.42136081805298575, 0.6550449882852838, 0.6077286365386044, 0.33941045130355746, 0.32812346298315315, 0.24054785178691368, 0.5970833710884164, 0.13123211304328905, 0.22935227095778474, 0.0, 0.8288888747874036, 0.428699929635869, 0.8224535827106233, 0.04615775253547046, 0.25719306045734486, 0.28016556137397514, 0.41239862723982423, 1.0, 0.40171071163980115, 0.14237471601099916, 0.4711413308396815, 0.14676080444307252, 0.33353735606192936, 0.6527346568499407, 0.6586321583540455, 0.6384713294288034, 0.6316975587048717, 0.6387878864795979, 0.46461208786803637, 0.892862850148481, 0.3922859769269129, 0.6309236011449453, 0.5451232083457717, 0.0, 0.2582622185888705, 0.5869055837615317, 0.8037213937324477, 0.0, 0.7413524372152845, 0.0, 0.09052595693021807, 0.14507914897377255, 0.2584997735426692, 0.3341469880308106, 0.723452310199383, 0.635405866086466, 0.5298645116096322, 0.7353513025870099, 0.4430734770724252, 0.35771864144770793, 0.3260125297494147, 0.09573566099875853, 0.6387878864795979, 0.7258518971332717, 0.8172645427533619, 0.2767316076125349, 0.633015111307674, 0.0, 0.6836730670230367, 0.236529421188431, 0.72773556162585, 0.5863143908150339, 0.4525081529734507, 0.1705761928912312, 0.5143218212653083, 0.22597668645264982, 0.38685280723454163, 0.49818925746641285, 0.7805580876112079, 0.5571262572134258, 0.9651954696014428, 0.7042191286975453, 0.7436565079102586, 0.3852703501812068, 1.0, 0.0, 0.0, 0.716094083431704, 0.6696121582178755, 0.40445175600766936, 0.7457935872462046, 0.7936296320138178, 0.4456128657438752, 0.5240786431862196, 0.5085000475363634, 0.36017907442520347, 0.2934992878255121, 0.8790780000963964, 0.46744351741228013, 0.9325210919548239, 0.3357394966663431, 0.0, 0.7653606369886217, 0.45221360703148816, 0.7233496037139309, 0.7405223166642391, 0.9863520113014781, 1.0, 0.13154689471258477, 0.39327735915421885, 0.30365330952843217, 0.7582537994189561, 0.5690305612036651, 0.4759162043663505, 0.7118725985418726, 0.19663867957710943, 0.9815720279306078, 0.4279137558823659, 0.3985532989599335, 0.5189001212557706, 0.5118563890750327, 0.5591173851935382, 0.7289002722032589, 0.3690852159802869, 0.46506654074377973, 0.5287662700012853, 0.8687949224876582, 0.8709530982445391, 0.397877474346732, 0.5615443777322888, 0.31767452868492513, 0.8597333594333643, 0.33671413742171413, 0.0, 0.8015608470587994, 0.4855186381629422, 0.6336126160758628, 0.3649280286412844, 0.3883456558207623, 0.9323665287394267, 0.48460516155054484, 0.0, 0.6904506666555394, 0.0, 0.6155251846914734, 0.07149246029875644, 0.7778936681499439, 0.802153323178603, 0.6331583852663827, 0.7795858045446329, 0.0, 0.2575713055664591, 0.17123770769326135, 0.1005872205560053, 0.1325156572716111, 0.4452658996353159, 0.6281532652570557, 0.3623379437392863, 0.0, 0.4273019270716146
0.40847314704092197, 0.519025924171268, 0.9280892825718658, 0.7224242270408039, 0.21442943602175468, 0.7929151075414687, 0.6273900126026286, 0.5475616214110102, 0.0, 0.5818536052588327, 0.5055087174994781, 0.1236925010748907, 0.487191810963602, 0.1898329546813322, 0.6012610260559063, 0.6785869089590915, 0.8013764537628341, 0.36391759521782624, 0.0, 1.0, 0.6527000343511016, 0.0, 0.7073449449108212, 0.8956459584994053, 0.38295873987759105, 0.2555271414099216, 0.22216592739310984, 0.0, 0.4266024401351522, 0.22628019985498773, 0.8637574337885663, 0.47593228837344315, 0.8075616351371666, 0.38883482763843613, 0.0, 0.18306950342075817, 0.3052052598772507, 0.36287121767564395, 0.28659469275712035, 0.43340567062904534, 0.728894860178643, 0.7361097304368551, 0.5901679935001943, 0.0, 0.5230820330755638, 0.629181696941423, 0.5570010766852103, 0.590425801954173, 0.9132224589335864, 0.14517417106916394, 0.5755083064982311, 0.6879811090074412, 0.21277860569217438, 0.559201767693429, 0.42624902854423935, 0.4373496332559253, 0.2758052404467391, 0.3944071570079199, 0.2652321558079382, 0.5807935825130291, 0.8943669981820309, 0.0, 0.0, 0.12463048596536717, 0.7581355809745208, 0.15399995849248072, 0.689710383785607, 0.572714222266276, 0.24103220453562416, 0.2021187537875508, 0.2981293620645918, 0.14998429993482146, 0.6430850572286693, 0.10717498240896725, 0.13656100413857825, 0.3972756143682617, 0.6550449882852838, 0.6077286365386044, 0.33941045130355746, 0.32812346298315315, 0.24054785178691368, 0.5970833710884164, 0.13123211304328905, 0.2162423757684375, 0.0, 0.8288888747874036, 0.41467963497172705, 0.8224535827106233, 0.04615775253547046, 0.24350554958156725, 0.2719227757564582, 0.38882570704693925, 1.0, 0.3896645389547593, 0.14237471601099916, 0.45508749181557606, 0.13741423923803914, 0.33353735606192936, 0.6527346568499407, 0.6235805328763705, 0.7508918545404308, 0.6316975587048717, 0.6387878864795979, 0.46461208786803637, 0.892862850148481, 0.3922859769269129, 0.6110853529030841, 0.5875422174348607, 0.0, 0.2582622185888705, 0.55461757276188, 0.8037213937324477, 0.0, 0.7413524372152845, 0.0, 0.09052595693021807, 0.14507914897377255, 0.2584997735426692, 0.3341469880308106, 0.6849510328074031, 0.5966054115824948, 0.5153796975519663, 0.7353513025870099, 0.4430734770724252, 0.3397276795055603, 0.4216985248852776, 0.09573566099875853, 0.6387878864795979, 0.7044965187320301, 0.8172645427533619, 0.26091348487832544, 0.5972558105762632, 0.0, 0.6836730670230367, 0.22809458237486221, 0.72773556162585, 0.5863143908150339, 0.4525081529734507, 0.1705761928912312, 0.5143218212653083, 0.22597668645264982, 0.38685280723454163, 0.49818925746641285, 0.8411840178561936, 0.5418961935545764, 0.9651954696014428, 0.6802233130265717, 0.7436565079102586, 0.4244198409277458, 1.0, 0.0, 0.0, 0.6907172614031548, 0.6696121582178755, 0.40445175600766936, 0.7406011525297783, 0.7352265342075007, 0.43416910106941786, 0.5397317770304412, 0.5085000475363634, 0.36017907442520347, 0.28072260400120724, 0.8790780000963964, 0.45301812812113346, 0.9325210919548239, 0.3110324722934091, 0.0, 0.7653606369886217, 0.45221360703148816, 0.8142884990814092, 0.7405223166642391, 0.9863520113014781, 1.0, 0.23881876700092794, 0.4863262543903707, 0.39010307935820937, 0.8254880325489088, 0.6446702885992646, 0.4759162043663505, 0.6883150347744795, 0.19663867957710943, 0.9815720279306078, 0.40779125219508194, 0.38544481361176086, 0.5867255173988973, 0.4792584543999168, 0.5591173851935382, 0.6752605992735607, 0.40379434816422677, 0.46506654074377973, 0.5037624292639314, 0.8687949224876582, 0.8755262407057788, 0.397877474346732, 0.5615443777322888, 0.3012614142188633, 0.8597333594333643, 0.33671413742171413, 0.0, 0.8015608470587994, 0.4588083263797942, 0.5998925010846319, 0.40537303446363765, 0.376134831071395, 0.9323665287394267, 0.48460516155054484, 0.0, 0.6904506666555394, 0.028580260257724446, 0.6155251846914734, 0.06932158449964104, 0.7350986428363151, 0.8374152983420841, 0.6331583852663827, 0.7795858045446329, 0.0, 0.24577234955901903, 0.16294624259844978, 0.09577057269669652, 0.15352125358324342, 0.4207700511326436, 0.6067493451532293, 0.3623379437392863, 0.0, 0.40379434816422677
0.45728777401002596, 0.53886883805245, 0.93220904764291, 0.7224242270408039, 0.21442943602175468, 0.7929151075414687, 0.6273900126026286, 0.5257559638131593, 0.0, 0.5517579677166624, 0.5055087174994781, 0.2122169830432883, 0.487191810963602, 0.1898329546813322, 0.6012610260559063, 0.6785869089590915, 0.8013764537628341, 0.36391759521782624, 0.0, 1.0, 0.6527000343511016, 0.0, 0.6644566401009145, 0.8956459584994053, 0.41630690543886545, 0.324756342253514, 0.22216592739310984, 0.0, 0.5174481539409688, 0.22628019985498773, 0.8637574337885663, 0.47593228837344315, 0.8075616351371666, 0.5031009235440185, 0.0, 0.18306950342075817, 0.2894189060689872, 0.3466431028284088, 0.27477103303619943, 0.414023155136461, 0.728894860178643, 0.7361097304368551, 0.6872806158329395, 0.0, 0.49602628033985496, 0.6117073444204976, 0.5991733242566623, 0.5735362536272813, 0.9132224589335864, 0.14517417106916394, 0.5626533167112147, 0.6879811090074412, 0.20514002465893533, 0.5436709776744222, 0.4056487030606417, 0.4871435477872497, 0.2673624262408068, 0.3823337593352935, 0.2652321558079382, 0.5807935825130291, 0.8943669981820309, 0.0, 0.0, 0.12463048596536717, 0.7225139656299054, 0.15399995849248072, 0.6622022877234923, 0.572714222266276, 0.24103220453562416, 0.19282137437815755, 0.2915871751161899, 0.1674424652940406, 0.6128691840823072, 0.10717498240896725, 0.13656100413857825, 0.4518206129057817, 0.6550449882852838, 0.6077286365386044, 0.3798954364012875, 0.32812346298315315, 0.24054785178691368, 0.5970833710884164, 0.13123211304328905, 0.20505751396889654, 0.0, 0.8288888747874036, 0.40213005972398563, 0.8511114457496094, 0.04615775253547046, 0.2800664115696377, 0.26449705098030396, 0.4050514411822463, 1.0, 0.37882446002042514, 0.14237471601099916, 0.44075621438445656, 0.13336192988520668, 0.33353735606192936, 0.6527346568499407, 0.5934433100741014, 0.7508918545404308, 0.6316975587048717, 0.6387878864795979, 0.46461208786803637, 0.892862850148481, 0.3922859769269129, 0.6110853529030841, 0.5875422174348607, 0.11076246003769875, 0.2582622185888705, 0.6071142493885433, 0.8037213937324477, 0.0, 0.7413524372152845, 0.0, 0.09052595693021807, 0.14507914897377255, 0.2584997735426692, 0.3341469880308106, 0.7243417947443419, 0.674298625845261, 0.5022773108959164, 0.7353513025870099, 0.4430734770724252, 0.3241700146271557, 0.3998867051383335, 0.09573566099875853, 0.6387878864795979, 0.7044965187320301, 0.8172645427533619, 0.25398663457266757, 0.6178555288174558, 0.0, 0.6836730670230367, 0.3522250564865448, 0.72773556162585, 0.6922133219299015, 0.4525081529734507, 0.1705761928912312, 0.5143218212653083, 0.22597668645264982, 0.38685280723454163, 0.49818925746641285, 0.8411840178561936, 0.5418961935545764, 0.9651954696014428, 0.6588022254567785, 0.7436565079102586, 0.4001048278302941, 1.0, 0.0, 0.0, 0.6907172614031548, 0.6696121582178755, 0.40445175600766936, 0.7109230010924885, 0.7307279834062613, 0.42378391165262924, 0.5233076627456463, 0.5085000475363634, 0.36017907442520347, 0.26952639101208603, 0.8790780000963964, 0.4400592236448454, 0.9325210919548239, 0.2906240988872958, 0.0, 0.7653606369886217, 0.45221360703148816, 0.8142884990814092, 0.7405223166642391, 0.9863520113014781, 1.0, 0.23881876700092794, 0.4863262543903707, 0.39010307935820937, 0.8254880325489088, 0.6446702885992646, 0.4759162043663505, 0.7198931975127547, 0.19663867957710943, 0.9815720279306078, 0.4207867529192922, 0.38544481361176086, 0.5718093213856539, 0.5090917380512551, 0.6264418268097252, 0.6450619887940179, 0.3836537987544248, 0.46506654074377973, 0.5251875764270447, 0.9708923176105698, 0.8795977960698986, 0.397877474346732, 0.5615443777322888, 0.28710640225954487, 0.8597333594333643, 0.33671413742171413, 0.060632800330981056, 0.8015608470587994, 0.43592377683349254, 0.6345634336931867, 0.4523981593892141, 0.36517787884379577, 0.9323665287394267, 0.48460516155054484, 0.0, 0.6904506666555394, 0.054369954969340564, 0.6155251846914734, 0.06736950784115935, 0.6984332199436158, 0.7988945395999225, 0.6331583852663827, 0.7795858045446329, 0.0, 0.2354789926561891, 0.15574979583604767, 0.17898055535425658, 0.19730428991585658, 0.44966101867054337, 0.6506245604135722, 0.3623379437392863, 0.05897946785285831, 0.4335320338049329
0.5208098992034251, 0.5183345607347334, 0.93220904764291, 0.7224242270408039, 0.21442943602175468, 0.7929151075414687, 0.6273900126026286, 0.5063913885247353, 0.0, 0.5517579677166624, 0.5055087174994781, 0.2122169830432883, 0.487191810963602, 0.1898329546813322, 0.6012610260559063, 0.6785869089590915, 0.8013764537628341, 0.36391759521782624, 0.0, 0.9478557351534421, 0.6527000343511016, 0.0, 0.6829180403235386, 0.8956459584994053, 0.3957677031925048, 0.324756342253514, 0.22216592739310984, 0.0, 0.5051170873621625, 0.22628019985498773, 0.8637574337885663, 0.47593228837344315, 0.8075616351371666, 0.5031009235440185, 0.0, 0.18306950342075817, 0.27572427614556183, 0.33935646540796316, 0.30240679831870837, 0.39697549695985734, 0.728894860178643, 0.7361097304368551, 0.6872806158329395, 0.0, 0.4725554696944426, 0.6477702711281911, 0.6156776092739691, 0.558203136371237, 0.9132224589335864, 0.14517417106916394, 0.634832555167476, 0.6879811090074412, 0.19830402948131776, 0.5295483310248303, 0.3964494207013104, 0.4726802481584062, 0.2597277854525861, 0.39997146535400835, 0.2652321558079382, 0.5807935825130291, 0.8943669981820309, 0.0, 0.0, 0.12463048596536717, 0.69132269810803, 0.15399995849248072, 0.6377765444508353, 0.572714222266276, 0.24103220453562416, 0.1846645169079261, 0.2915871751161899, 0.16352636027853082, 0.6511670384110665, 0.10717498240896725, 0.13656100413857825, 0.4518206129057817, 0.6550449882852838, 0.6077286365386044, 0.45764705819528717, 0.32812346298315315, 0.40516994201002604, 0.5970833710884164, 0.13123211304328905, 0.20008853114260178, 0.0, 0.8288888747874036, 0.40213005972398563, 0.8511114457496094, 0.04615775253547046, 0.2676454280289533, 0.2577384326142295, 0.4198415502267016, 1.0, 0.3689681155144822, 0.14237471601099916, 0.4278191510834938, 0.12968943722108073, 0.33353735606192936, 0.6527346568499407, 0.5671240183552269, 0.8281512151475492, 0.6316975587048717, 0.6387878864795979, 0.46461208786803637, 0.892862850148481, 0.3922859769269129, 0.6110853529030841, 0.6944079657408926, 0.11076246003769875, 0.2582622185888705, 0.6575243179196922, 0.8037213937324477, 0.0, 0.7413524372152845, 0.0, 0.09052595693021807, 0.14507914897377255, 0.2584997735426692, 0.3341469880308106, 0.7532711119974289, 0.674298625845261, 0.4903077736301832, 0.7353513025870099, 0.4430734770724252, 0.31051532009969807, 0.3998867051383335, 0.09573566099875853, 0.6387878864795979, 0.7853734652715411, 0.8172645427533619, 0.33046630517076747, 0.6123380054300976, 0.02605488091615855, 0.6836730670230367, 0.3522250564865448, 0.72773556162585, 0.7600064689493519, 0.4525081529734507, 0.1705761928912312, 0.5143218212653083, 0.22597668645264982, 0.38685280723454163, 0.49818925746641285, 0.8411840178561936, 0.6170435284492939, 0.9651954696014428, 0.6394650821213128, 0.7436565079102586, 0.3792416557215248, 1.0, 0.0, 0.0, 0.6907172614031548, 0.6696121582178755, 0.40445175600766936, 0.6845801812229497, 0.7269309194467569, 0.42378391165262924, 0.5233076627456463, 0.5085000475363634, 0.36017907442520347, 0.26952639101208603, 0.8790780000963964, 0.4400592236448454, 0.9325210919548239, 0.2906240988872958, 0.0, 0.7653606369886217, 0.5502528928628452, 0.8142884990814092, 0.7405223166642391, 0.9863520113014781, 1.0, 0.23881876700092794, 0.4863262543903707, 0.39010307935820937, 0.8254880325489088, 0.6446702885992646, 0.4759162043663505, 0.7198931975127547, 0.19663867957710943, 0.9815720279306078, 0.4121029609353159, 0.4457202463577246, 0.629674405444773, 0.48254552363111597, 0.6264418268097252, 0.6185011644747692, 0.37468099389943643, 0.5673734546088343, 0.5639935419837817, 0.9708923176105698, 0.8528109977399924, 0.397877474346732, 0.642705741741774, 0.27471188391647966, 0.8597333594333643, 0.33671413742171413, 0.060632800330981056, 0.8015608470587994, 0.4159992024657936, 0.6198247554799703, 0.43994011440552894, 0.35524089355204885, 0.9323665287394267, 0.48460516155054484, 0.0, 0.7577810608164218, 0.05301834641290232, 0.6155251846914734, 0.06559576893521403, 0.7122167987603226, 0.7650991737372005, 0.6331583852663827, 0.7795858045446329, 0.0, 0.22637487804081696, 0.14941330913019807, 0.17177286380866638, 0.18796830952189492, 0.42910856229425665, 0.6902313881994804, 0.3623379437392863, 0.1722498387579453, 0.41371677777308413
