[{"query_num": "1", "position": 2, "id": "184"},
{"query_num": "1", "position": 2, "id": "29"},
{"query_num": "1", "position": 2, "id": "31"},
{"query_num": "1", "position": 3, "id": "12"},
{"query_num": "1", "position": 3, "id": "51"},
{"query_num": "1", "position": 3, "id": "102"},
{"query_num": "1", "position": 4, "id": "13"},
{"query_num": "1", "position": 4, "id": "14"},
{"query_num": "1", "position": 4, "id": "15"},
{"query_num": "1", "position": 2, "id": "57"},
{"query_num": "1", "position": 2, "id": "378"},
{"query_num": "1", "position": 2, "id": "859"},
{"query_num": "1", "position": 3, "id": "185"},
{"query_num": "1", "position": 3, "id": "30"},
{"query_num": "1", "position": 3, "id": "37"},
{"query_num": "1", "position": 4, "id": "52"},
{"query_num": "1", "position": 4, "id": "142"},
{"query_num": "1", "position": 4, "id": "195"},
{"query_num": "1", "position": 2, "id": "875"},
{"query_num": "1", "position": 3, "id": "56"},
{"query_num": "1", "position": 3, "id": "66"},
{"query_num": "1", "position": 3, "id": "95"},
{"query_num": "1", "position": 4, "id": "462"},
{"query_num": "1", "position": 3, "id": "497"},
{"query_num": "1", "position": 3, "id": "858"},
{"query_num": "1", "position": 3, "id": "876"},
{"query_num": "1", "position": 3, "id": "879"},
{"query_num": "1", "position": 3, "id": "880"},
{"query_num": "1", "position": 1, "id": "486"},
{"query_num": "2", "position": 1, "id": "12"},
{"query_num": "2", "position": 2, "id": "15"},
{"query_num": "2", "position": 2, "id": "184"},
{"query_num": "2", "position": 2, "id": "858"},
{"query_num": "2", "position": 3, "id": "51"},
{"query_num": "2", "position": 3, "id": "102"},
{"query_num": "2", "position": 3, "id": "202"},
{"query_num": "2", "position": 4, "id": "14"},
{"query_num": "2", "position": 4, "id": "52"},
{"query_num": "2", "position": 4, "id": "380"},
{"query_num": "2", "position": 1, "id": "746"},
{"query_num": "2", "position": 2, "id": "859"},
{"query_num": "2", "position": 2, "id": "948"},
{"query_num": "2", "position": 3, "id": "285"},
{"query_num": "2", "position": 3, "id": "390"},
{"query_num": "2", "position": 3, "id": "391"},
{"query_num": "2", "position": 4, "id": "442"},
{"query_num": "2", "position": 3, "id": "497"},
{"query_num": "2", "position": 3, "id": "643"},
{"query_num": "2", "position": 3, "id": "856"},
{"query_num": "2", "position": 3, "id": "857"},
{"query_num": "2", "position": 3, "id": "877"},
{"query_num": "2", "position": 3, "id": "864"},
{"query_num": "2", "position": 3, "id": "658"},
{"query_num": "2", "position": 1, "id": "486"},
{"query_num": "3", "position": 3, "id": "5"},
{"query_num": "3", "position": 3, "id": "6"},
{"query_num": "3", "position": 3, "id": "90"},
{"query_num": "3", "position": 3, "id": "91"},
{"query_num": "3", "position": 3, "id": "119"},
{"query_num": "3", "position": 3, "id": "144"},
{"query_num": "3", "position": 3, "id": "181"},
{"query_num": "3", "position": 3, "id": "399"},
{"query_num": "3", "position": 1, "id": "485"},
{"query_num": "4", "position": 3, "id": "236"},
{"query_num": "4", "position": 3, "id": "166"},
{"query_num": "4", "position": 1, "id": "488"},
{"query_num": "5", "position": 1, "id": "552"},
{"query_num": "5", "position": 3, "id": "401"},
{"query_num": "5", "position": 3, "id": "1297"},
{"query_num": "5", "position": 1, "id": "1296"},
{"query_num": "5", "position": 1, "id": "488"},
{"query_num": "6", "position": 2, "id": "99"},
{"query_num": "6", "position": 3, "id": "115"},
{"query_num": "6", "position": 3, "id": "257"},
{"query_num": "6", "position": 3, "id": "258"},
{"query_num": "6", "position": 1, "id": "491"},
{"query_num": "7", "position": 2, "id": "20"},
{"query_num": "7", "position": 3, "id": "56"},
{"query_num": "7", "position": 3, "id": "57"},
{"query_num": "7", "position": 3, "id": "58"},
{"query_num": "7", "position": 4, "id": "19"},
{"query_num": "7", "position": 1, "id": "492"},
{"query_num": "8", "position": 1, "id": "48"},
{"query_num": "8", "position": 1, "id": "122"},
{"query_num": "8", "position": 3, "id": "20"},
{"query_num": "8", "position": 3, "id": "58"},
{"query_num": "8", "position": 3, "id": "196"},
{"query_num": "8", "position": 1, "id": "354"},
{"query_num": "8", "position": 1, "id": "360"},
{"query_num": "8", "position": 3, "id": "197"},
{"query_num": "8", "position": 3, "id": "999"},
{"query_num": "8", "position": 3, "id": "1112"},
{"query_num": "8", "position": 1, "id": "1005"},
{"query_num": "8", "position": 1, "id": "492"},
{"query_num": "9", "position": 2, "id": "21"},
{"query_num": "9", "position": 2, "id": "22"},
{"query_num": "9", "position": 2, "id": "550"},
{"query_num": "9", "position": 1, "id": "534"},
{"query_num": "10", "position": 2, "id": "259"},
{"query_num": "10", "position": 2, "id": "405"},
{"query_num": "10", "position": 3, "id": "302"},
{"query_num": "10", "position": 3, "id": "436"},
{"query_num": "10", "position": 3, "id": "437"},
{"query_num": "10", "position": 3, "id": "438"},
{"query_num": "10", "position": 3, "id": "998"},
{"query_num": "10", "position": 3, "id": "1011"},
{"query_num": "10", "position": 1, "id": "493"},
{"query_num": "11", "position": 3, "id": "27"},
{"query_num": "11", "position": 3, "id": "28"},
{"query_num": "11", "position": 3, "id": "262"},
{"query_num": "11", "position": 4, "id": "160"},
{"query_num": "11", "position": 4, "id": "20"},
{"query_num": "11", "position": 3, "id": "263"},
{"query_num": "11", "position": 4, "id": "654"},
{"query_num": "11", "position": 1, "id": "495"},
{"query_num": "12", "position": 2, "id": "86"},
{"query_num": "12", "position": 2, "id": "194"},
{"query_num": "12", "position": 2, "id": "650"},
{"query_num": "12", "position": 4, "id": "649"},
{"query_num": "12", "position": 2, "id": "652"},
{"query_num": "12", "position": 1, "id": "624"},
{"query_num": "13", "position": 2, "id": "64"},
{"query_num": "13", "position": 2, "id": "265"},
{"query_num": "13", "position": 4, "id": "65"},
{"query_num": "13", "position": 4, "id": "311"},
{"query_num": "13", "position": 1, "id": "496"},
{"query_num": "14", "position": 1, "id": "64"},
{"query_num": "14", "position": 4, "id": "65"},
{"query_num": "14", "position": 1, "id": "496"},
{"query_num": "15", "position": 1, "id": "463"},
{"query_num": "15", "position": 3, "id": "462"},
{"query_num": "15", "position": 1, "id": "497"},
{"query_num": "16", "position": 2, "id": "266"},
{"query_num": "16", "position": 3, "id": "106"},
{"query_num": "16", "position": 3, "id": "196"},
{"query_num": "16", "position": 1, "id": "498"},
{"query_num": "17", "position": 2, "id": "106"},
{"query_num": "17", "position": 3, "id": "196"},
{"query_num": "17", "position": 1, "id": "498"},
{"query_num": "18", "position": 2, "id": "196"},
{"query_num": "18", "position": 2, "id": "197"},
{"query_num": "18", "position": 2, "id": "198"},
{"query_num": "18", "position": 1, "id": "498"},
{"query_num": "19", "position": 2, "id": "32"},
{"query_num": "19", "position": 2, "id": "67"},
{"query_num": "19", "position": 2, "id": "164"},
{"query_num": "19", "position": 3, "id": "639"},
{"query_num": "19", "position": 3, "id": "715"},
{"query_num": "19", "position": 3, "id": "716"},
{"query_num": "19", "position": 4, "id": "719"},
{"query_num": "19", "position": 4, "id": "1379"},
{"query_num": "19", "position": 3, "id": "717"},
{"query_num": "19", "position": 1, "id": "499"},
{"query_num": "20", "position": 3, "id": "87"},
{"query_num": "20", "position": 3, "id": "88"},
{"query_num": "20", "position": 3, "id": "104"},
{"query_num": "20", "position": 3, "id": "267"},
{"query_num": "20", "position": 3, "id": "268"},
{"query_num": "20", "position": 3, "id": "269"},
{"query_num": "20", "position": 3, "id": "270"},
{"query_num": "20", "position": 3, "id": "407"},
{"query_num": "20", "position": 3, "id": "408"},
{"query_num": "20", "position": 1, "id": "500"},
{"query_num": "21", "position": 1, "id": "271"},
{"query_num": "21", "position": 2, "id": "16"},
{"query_num": "21", "position": 2, "id": "413"},
{"query_num": "21", "position": 3, "id": "414"},
{"query_num": "21", "position": 1, "id": "502"},
{"query_num": "22", "position": 1, "id": "68"},
{"query_num": "22", "position": 1, "id": "502"},
{"query_num": "23", "position": 1, "id": "900"},
{"query_num": "23", "position": 1, "id": "902"},
{"query_num": "23", "position": 2, "id": "200"},
{"query_num": "23", "position": 2, "id": "201"},
{"query_num": "23", "position": 2, "id": "601"},
{"query_num": "23", "position": 3, "id": "899"},
{"query_num": "23", "position": 3, "id": "903"},
{"query_num": "23", "position": 3, "id": "593"},
{"query_num": "23", "position": 4, "id": "199"},
{"query_num": "23", "position": 4, "id": "594"},
{"query_num": "23", "position": 2, "id": "901"},
{"query_num": "23", "position": 2, "id": "544"},
{"query_num": "23", "position": 2, "id": "597"},
{"query_num": "23", "position": 3, "id": "749"},
{"query_num": "23", "position": 3, "id": "917"},
{"query_num": "23", "position": 3, "id": "919"},
{"query_num": "23", "position": 4, "id": "1333"},
{"query_num": "23", "position": 2, "id": "634"},
{"query_num": "23", "position": 2, "id": "687"},
{"query_num": "23", "position": 2, "id": "698"},
{"query_num": "23", "position": 3, "id": "1290"},
{"query_num": "23", "position": 2, "id": "700"},
{"query_num": "23", "position": 2, "id": "704"},
{"query_num": "23", "position": 2, "id": "705"},
{"query_num": "23", "position": 2, "id": "1109"},
{"query_num": "23", "position": 2, "id": "1112"},
{"query_num": "23", "position": 2, "id": "1141"},
{"query_num": "23", "position": 2, "id": "1197"},
{"query_num": "23", "position": 2, "id": "1256"},
{"query_num": "23", "position": 2, "id": "1259"},
{"query_num": "23", "position": 2, "id": "1272"},
{"query_num": "23", "position": 2, "id": "1289"},
{"query_num": "23", "position": 1, "id": "892"},
{"query_num": "24", "position": 2, "id": "46"},
{"query_num": "24", "position": 2, "id": "47"},
{"query_num": "24", "position": 3, "id": "92"},
{"query_num": "24", "position": 1, "id": "756"},
{"query_num": "25", "position": 2, "id": "213"},
{"query_num": "25", "position": 3, "id": "212"},
{"query_num": "25", "position": 3, "id": "214"},
{"query_num": "25", "position": 3, "id": "215"},
{"query_num": "25", "position": 3, "id": "216"},
{"query_num": "25", "position": 3, "id": "276"},
{"query_num": "25", "position": 3, "id": "277"},
{"query_num": "25", "position": 3, "id": "426"},
{"query_num": "25", "position": 3, "id": "427"},
{"query_num": "25", "position": 1, "id": "511"},
{"query_num": "26", "position": 1, "id": "145"},
{"query_num": "26", "position": 1, "id": "611"},
{"query_num": "26", "position": 2, "id": "376"},
{"query_num": "26", "position": 2, "id": "406"},
{"query_num": "26", "position": 2, "id": "565"},
{"query_num": "26", "position": 2, "id": "1076"},
{"query_num": "26", "position": 1, "id": "511"},
{"query_num": "27", "position": 2, "id": "224"},
{"query_num": "27", "position": 3, "id": "278"},
{"query_num": "27", "position": 3, "id": "428"},
{"query_num": "27", "position": 1, "id": "512"},
{"query_num": "28", "position": 3, "id": "224"},
{"query_num": "28", "position": 3, "id": "279"},
{"query_num": "28", "position": 1, "id": "512"},
{"query_num": "29", "position": 2, "id": "250"},
{"query_num": "29", "position": 2, "id": "514"},
{"query_num": "29", "position": 2, "id": "609"},
{"query_num": "29", "position": 3, "id": "225"},
{"query_num": "29", "position": 3, "id": "793"},
{"query_num": "29", "position": 4, "id": "464"},
{"query_num": "29", "position": 4, "id": "465"},
{"query_num": "29", "position": 2, "id": "612"},
{"query_num": "29", "position": 4, "id": "466"},
{"query_num": "29", "position": 1, "id": "513"},
{"query_num": "30", "position": 2, "id": "225"},
{"query_num": "30", "position": 2, "id": "464"},
{"query_num": "30", "position": 2, "id": "514"},
{"query_num": "30", "position": 3, "id": "466"},
{"query_num": "30", "position": 3, "id": "609"},
{"query_num": "30", "position": 3, "id": "612"},
{"query_num": "30", "position": 4, "id": "793"},
{"query_num": "30", "position": 1, "id": "513"},
{"query_num": "31", "position": 4, "id": "776"},
{"query_num": "31", "position": 1, "id": "751"},
{"query_num": "32", "position": 2, "id": "465"},
{"query_num": "32", "position": 3, "id": "249"},
{"query_num": "32", "position": 3, "id": "777"},
{"query_num": "32", "position": 3, "id": "778"},
{"query_num": "32", "position": 4, "id": "247"},
{"query_num": "32", "position": 4, "id": "250"},
{"query_num": "32", "position": 1, "id": "752"},
{"query_num": "33", "position": 3, "id": "252"},
{"query_num": "33", "position": 3, "id": "431"},
{"query_num": "33", "position": 4, "id": "141"},
{"query_num": "33", "position": 1, "id": "516"},
{"query_num": "34", "position": 1, "id": "252"},
{"query_num": "34", "position": 3, "id": "431"},
{"query_num": "34", "position": 3, "id": "672"},
{"query_num": "34", "position": 3, "id": "714"},
{"query_num": "34", "position": 3, "id": "799"},
{"query_num": "34", "position": 3, "id": "800"},
{"query_num": "34", "position": 1, "id": "516"},
{"query_num": "35", "position": 1, "id": "166"},
{"query_num": "35", "position": 1, "id": "167"},
{"query_num": "35", "position": 3, "id": "132"},
{"query_num": "35", "position": 1, "id": "517"},
{"query_num": "36", "position": 2, "id": "169"},
{"query_num": "36", "position": 3, "id": "168"},
{"query_num": "36", "position": 1, "id": "518"},
{"query_num": "37", "position": 2, "id": "173"},
{"query_num": "37", "position": 2, "id": "188"},
{"query_num": "37", "position": 3, "id": "172"},
{"query_num": "37", "position": 3, "id": "97"},
{"query_num": "37", "position": 3, "id": "121"},
{"query_num": "37", "position": 3, "id": "187"},
{"query_num": "37", "position": 3, "id": "242"},
{"query_num": "37", "position": 3, "id": "409"},
{"query_num": "37", "position": 3, "id": "487"},
{"query_num": "37", "position": 1, "id": "519"},
{"query_num": "38", "position": 2, "id": "24"},
{"query_num": "38", "position": 2, "id": "283"},
{"query_num": "38", "position": 2, "id": "552"},
{"query_num": "38", "position": 3, "id": "272"},
{"query_num": "38", "position": 4, "id": "557"},
{"query_num": "38", "position": 4, "id": "558"},
{"query_num": "38", "position": 2, "id": "553"},
{"query_num": "38", "position": 2, "id": "554"},
{"query_num": "38", "position": 2, "id": "555"},
{"query_num": "38", "position": 2, "id": "556"},
{"query_num": "38", "position": 1, "id": "536"},
{"query_num": "39", "position": 1, "id": "272"},
{"query_num": "39", "position": 1, "id": "555"},
{"query_num": "39", "position": 2, "id": "24"},
{"query_num": "39", "position": 2, "id": "283"},
{"query_num": "39", "position": 2, "id": "552"},
{"query_num": "39", "position": 3, "id": "79"},
{"query_num": "39", "position": 3, "id": "207"},
{"query_num": "39", "position": 3, "id": "418"},
{"query_num": "39", "position": 4, "id": "557"},
{"query_num": "39", "position": 2, "id": "554"},
{"query_num": "39", "position": 2, "id": "556"},
{"query_num": "39", "position": 3, "id": "505"},
{"query_num": "39", "position": 3, "id": "1257"},
{"query_num": "39", "position": 1, "id": "536"},
{"query_num": "40", "position": 2, "id": "24"},
{"query_num": "40", "position": 2, "id": "283"},
{"query_num": "40", "position": 2, "id": "552"},
{"query_num": "40", "position": 3, "id": "272"},
{"query_num": "40", "position": 3, "id": "85"},
{"query_num": "40", "position": 3, "id": "976"},
{"query_num": "40", "position": 4, "id": "557"},
{"query_num": "40", "position": 4, "id": "558"},
{"query_num": "40", "position": 2, "id": "553"},
{"query_num": "40", "position": 2, "id": "554"},
{"query_num": "40", "position": 2, "id": "555"},
{"query_num": "40", "position": 2, "id": "556"},
{"query_num": "40", "position": 1, "id": "536"},
{"query_num": "41", "position": 1, "id": "288"},
{"query_num": "41", "position": 1, "id": "289"},
{"query_num": "41", "position": 2, "id": "433"},
{"query_num": "41", "position": 1, "id": "520"},
{"query_num": "42", "position": 2, "id": "468"},
{"query_num": "42", "position": 3, "id": "467"},
{"query_num": "42", "position": 3, "id": "469"},
{"query_num": "42", "position": 3, "id": "470"},
{"query_num": "42", "position": 4, "id": "775"},
{"query_num": "42", "position": 1, "id": "521"},
{"query_num": "43", "position": 1, "id": "467"},
{"query_num": "43", "position": 1, "id": "468"},
{"query_num": "43", "position": 3, "id": "39"},
{"query_num": "43", "position": 3, "id": "503"},
{"query_num": "43", "position": 3, "id": "775"},
{"query_num": "43", "position": 1, "id": "469"},
{"query_num": "43", "position": 1, "id": "521"},
{"query_num": "44", "position": 3, "id": "302"},
{"query_num": "44", "position": 3, "id": "436"},
{"query_num": "44", "position": 4, "id": "437"},
{"query_num": "44", "position": 1, "id": "524"},
{"query_num": "45", "position": 2, "id": "305"},
{"query_num": "45", "position": 2, "id": "570"},
{"query_num": "45", "position": 3, "id": "308"},
{"query_num": "45", "position": 3, "id": "481"},
{"query_num": "45", "position": 3, "id": "338"},
{"query_num": "45", "position": 4, "id": "1226"},
{"query_num": "45", "position": 4, "id": "1355"},
{"query_num": "45", "position": 3, "id": "1185"},
{"query_num": "45", "position": 3, "id": "629"},
{"query_num": "45", "position": 3, "id": "663"},
{"query_num": "45", "position": 3, "id": "798"},
{"query_num": "45", "position": 3, "id": "572"},
{"query_num": "45", "position": 1, "id": "525"},
{"query_num": "46", "position": 2, "id": "305"},
{"query_num": "46", "position": 3, "id": "338"},
{"query_num": "46", "position": 3, "id": "344"},
{"query_num": "46", "position": 3, "id": "481"},
{"query_num": "46", "position": 4, "id": "84"},
{"query_num": "46", "position": 4, "id": "123"},
{"query_num": "46", "position": 4, "id": "1185"},
{"query_num": "46", "position": 3, "id": "623"},
{"query_num": "46", "position": 3, "id": "570"},
{"query_num": "46", "position": 3, "id": "798"},
{"query_num": "46", "position": 4, "id": "1226"},
{"query_num": "46", "position": 4, "id": "629"},
{"query_num": "46", "position": 4, "id": "663"},
{"query_num": "46", "position": 4, "id": "572"},
{"query_num": "46", "position": 4, "id": "1355"},
{"query_num": "46", "position": 1, "id": "525"},
{"query_num": "47", "position": 2, "id": "304"},
{"query_num": "47", "position": 2, "id": "306"},
{"query_num": "47", "position": 2, "id": "307"},
{"query_num": "47", "position": 3, "id": "305"},
{"query_num": "47", "position": 3, "id": "629"},
{"query_num": "47", "position": 3, "id": "663"},
{"query_num": "47", "position": 4, "id": "308"},
{"query_num": "47", "position": 2, "id": "309"},
{"query_num": "47", "position": 2, "id": "310"},
{"query_num": "47", "position": 2, "id": "570"},
{"query_num": "47", "position": 3, "id": "798"},
{"query_num": "47", "position": 3, "id": "1185"},
{"query_num": "47", "position": 3, "id": "1355"},
{"query_num": "47", "position": 2, "id": "572"},
{"query_num": "47", "position": 1, "id": "525"},
{"query_num": "48", "position": 2, "id": "439"},
{"query_num": "48", "position": 3, "id": "311"},
{"query_num": "48", "position": 3, "id": "316"},
{"query_num": "48", "position": 3, "id": "440"},
{"query_num": "48", "position": 4, "id": "187"},
{"query_num": "48", "position": 4, "id": "314"},
{"query_num": "48", "position": 4, "id": "315"},
{"query_num": "48", "position": 3, "id": "797"},
{"query_num": "48", "position": 3, "id": "798"},
{"query_num": "48", "position": 4, "id": "794"},
{"query_num": "48", "position": 4, "id": "265"},
{"query_num": "48", "position": 1, "id": "526"},
{"query_num": "49", "position": 3, "id": "320"},
{"query_num": "49", "position": 4, "id": "478"},
{"query_num": "49", "position": 1, "id": "527"},
{"query_num": "50", "position": 2, "id": "326"},
{"query_num": "50", "position": 2, "id": "629"},
{"query_num": "50", "position": 4, "id": "21"},
{"query_num": "50", "position": 4, "id": "94"},
{"query_num": "50", "position": 4, "id": "22"},
{"query_num": "50", "position": 4, "id": "306"},
{"query_num": "50", "position": 1, "id": "528"},
{"query_num": "51", "position": 1, "id": "94"},
{"query_num": "51", "position": 2, "id": "23"},
{"query_num": "51", "position": 2, "id": "105"},
{"query_num": "51", "position": 2, "id": "381"},
{"query_num": "51", "position": 3, "id": "192"},
{"query_num": "51", "position": 4, "id": "326"},
{"query_num": "51", "position": 4, "id": "63"},
{"query_num": "51", "position": 2, "id": "494"},
{"query_num": "51", "position": 2, "id": "629"},
{"query_num": "51", "position": 4, "id": "261"},
{"query_num": "51", "position": 1, "id": "528"},
{"query_num": "52", "position": 2, "id": "21"},
{"query_num": "52", "position": 2, "id": "22"},
{"query_num": "52", "position": 2, "id": "306"},
{"query_num": "52", "position": 4, "id": "326"},
{"query_num": "52", "position": 1, "id": "528"},
{"query_num": "53", "position": 3, "id": "296"},
{"query_num": "53", "position": 3, "id": "33"},
{"query_num": "53", "position": 4, "id": "446"},
{"query_num": "53", "position": 4, "id": "447"},
{"query_num": "53", "position": 4, "id": "448"},
{"query_num": "53", "position": 4, "id": "449"},
{"query_num": "53", "position": 4, "id": "208"},
{"query_num": "53", "position": 4, "id": "297"},
{"query_num": "53", "position": 4, "id": "298"},
{"query_num": "53", "position": 4, "id": "299"},
{"query_num": "53", "position": 1, "id": "531"},
{"query_num": "54", "position": 2, "id": "84"},
{"query_num": "54", "position": 3, "id": "24"},
{"query_num": "54", "position": 3, "id": "101"},
{"query_num": "54", "position": 3, "id": "294"},
{"query_num": "54", "position": 4, "id": "628"},
{"query_num": "54", "position": 4, "id": "661"},
{"query_num": "54", "position": 3, "id": "364"},
{"query_num": "54", "position": 3, "id": "365"},
{"query_num": "54", "position": 3, "id": "560"},
{"query_num": "54", "position": 1, "id": "123"},
{"query_num": "55", "position": 2, "id": "16"},
{"query_num": "55", "position": 2, "id": "375"},
{"query_num": "55", "position": 2, "id": "460"},
{"query_num": "55", "position": 3, "id": "378"},
{"query_num": "55", "position": 3, "id": "255"},
{"query_num": "55", "position": 3, "id": "271"},
{"query_num": "55", "position": 4, "id": "376"},
{"query_num": "55", "position": 4, "id": "377"},
{"query_num": "55", "position": 2, "id": "562"},
{"query_num": "55", "position": 3, "id": "502"},
{"query_num": "55", "position": 1, "id": "538"},
{"query_num": "56", "position": 2, "id": "380"},
{"query_num": "56", "position": 3, "id": "749"},
{"query_num": "56", "position": 3, "id": "1339"},
{"query_num": "56", "position": 4, "id": "14"},
{"query_num": "56", "position": 4, "id": "705"},
{"query_num": "56", "position": 4, "id": "779"},
{"query_num": "56", "position": 4, "id": "780"},
{"query_num": "56", "position": 4, "id": "379"},
{"query_num": "56", "position": 4, "id": "643"},
{"query_num": "56", "position": 4, "id": "686"},
{"query_num": "56", "position": 1, "id": "753"},
{"query_num": "57", "position": 2, "id": "380"},
{"query_num": "57", "position": 3, "id": "593"},
{"query_num": "57", "position": 3, "id": "746"},
{"query_num": "57", "position": 3, "id": "914"},
{"query_num": "57", "position": 4, "id": "14"},
{"query_num": "57", "position": 4, "id": "379"},
{"query_num": "57", "position": 4, "id": "705"},
{"query_num": "57", "position": 4, "id": "779"},
{"query_num": "57", "position": 4, "id": "780"},
{"query_num": "57", "position": 4, "id": "704"},
{"query_num": "57", "position": 4, "id": "12"},
{"query_num": "57", "position": 4, "id": "15"},
{"query_num": "57", "position": 4, "id": "857"},
{"query_num": "57", "position": 4, "id": "859"},
{"query_num": "57", "position": 1, "id": "753"},
{"query_num": "58", "position": 2, "id": "788"},
{"query_num": "58", "position": 3, "id": "785"},
{"query_num": "58", "position": 3, "id": "786"},
{"query_num": "58", "position": 3, "id": "787"},
{"query_num": "58", "position": 4, "id": "23"},
{"query_num": "58", "position": 4, "id": "381"},
{"query_num": "58", "position": 4, "id": "382"},
{"query_num": "58", "position": 4, "id": "784"},
{"query_num": "58", "position": 4, "id": "789"},
{"query_num": "58", "position": 1, "id": "754"},
{"query_num": "59", "position": 2, "id": "788"},
{"query_num": "59", "position": 3, "id": "785"},
{"query_num": "59", "position": 3, "id": "786"},
{"query_num": "59", "position": 3, "id": "787"},
{"query_num": "59", "position": 1, "id": "754"},
{"query_num": "60", "position": 2, "id": "475"},
{"query_num": "60", "position": 3, "id": "476"},
{"query_num": "60", "position": 3, "id": "527"},
{"query_num": "60", "position": 4, "id": "320"},
{"query_num": "60", "position": 4, "id": "478"},
{"query_num": "60", "position": 1, "id": "322"},
{"query_num": "61", "position": 2, "id": "565"},
{"query_num": "61", "position": 2, "id": "566"},
{"query_num": "61", "position": 3, "id": "564"},
{"query_num": "61", "position": 3, "id": "1159"},
{"query_num": "61", "position": 4, "id": "661"},
{"query_num": "61", "position": 1, "id": "539"},
{"query_num": "62", "position": 1, "id": "566"},
{"query_num": "62", "position": 2, "id": "567"},
{"query_num": "62", "position": 2, "id": "1084"},
{"query_num": "62", "position": 3, "id": "1078"},
{"query_num": "62", "position": 3, "id": "1081"},
{"query_num": "62", "position": 1, "id": "539"},
{"query_num": "63", "position": 1, "id": "567"},
{"query_num": "63", "position": 3, "id": "564"},
{"query_num": "63", "position": 3, "id": "566"},
{"query_num": "63", "position": 1, "id": "539"},
{"query_num": "64", "position": 1, "id": "390"},
{"query_num": "64", "position": 2, "id": "391"},
{"query_num": "64", "position": 1, "id": "627"},
{"query_num": "65", "position": 2, "id": "2"},
{"query_num": "65", "position": 2, "id": "3"},
{"query_num": "65", "position": 2, "id": "128"},
{"query_num": "65", "position": 3, "id": "180"},
{"query_num": "65", "position": 3, "id": "323"},
{"query_num": "65", "position": 3, "id": "324"},
{"query_num": "65", "position": 4, "id": "418"},
{"query_num": "65", "position": 2, "id": "664"},
{"query_num": "65", "position": 2, "id": "629"},
{"query_num": "65", "position": 3, "id": "393"},
{"query_num": "65", "position": 3, "id": "394"},
{"query_num": "65", "position": 3, "id": "659"},
{"query_num": "65", "position": 3, "id": "4"},
{"query_num": "65", "position": 3, "id": "384"},
{"query_num": "65", "position": 3, "id": "1302"},
{"query_num": "65", "position": 1, "id": "388"},
{"query_num": "66", "position": 2, "id": "664"},
{"query_num": "66", "position": 2, "id": "629"},
{"query_num": "66", "position": 3, "id": "180"},
{"query_num": "66", "position": 3, "id": "659"},
{"query_num": "66", "position": 3, "id": "660"},
{"query_num": "66", "position": 1, "id": "388"},
{"query_num": "67", "position": 1, "id": "2"},
{"query_num": "67", "position": 1, "id": "3"},
{"query_num": "67", "position": 2, "id": "664"},
{"query_num": "67", "position": 2, "id": "629"},
{"query_num": "67", "position": 3, "id": "323"},
{"query_num": "67", "position": 3, "id": "324"},
{"query_num": "67", "position": 3, "id": "393"},
{"query_num": "67", "position": 1, "id": "128"},
{"query_num": "67", "position": 1, "id": "180"},
{"query_num": "67", "position": 3, "id": "394"},
{"query_num": "67", "position": 3, "id": "659"},
{"query_num": "67", "position": 3, "id": "389"},
{"query_num": "67", "position": 3, "id": "4"},
{"query_num": "67", "position": 3, "id": "1302"},
{"query_num": "67", "position": 1, "id": "388"},
{"query_num": "68", "position": 2, "id": "662"},
{"query_num": "68", "position": 3, "id": "101"},
{"query_num": "68", "position": 3, "id": "460"},
{"query_num": "68", "position": 3, "id": "661"},
{"query_num": "68", "position": 3, "id": "62"},
{"query_num": "68", "position": 1, "id": "628"},
{"query_num": "69", "position": 2, "id": "458"},
{"query_num": "69", "position": 2, "id": "570"},
{"query_num": "69", "position": 3, "id": "977"},
{"query_num": "69", "position": 3, "id": "62"},
{"query_num": "69", "position": 4, "id": "336"},
{"query_num": "69", "position": 1, "id": "540"},
{"query_num": "70", "position": 1, "id": "333"},
{"query_num": "70", "position": 2, "id": "568"},
{"query_num": "70", "position": 2, "id": "570"},
{"query_num": "70", "position": 2, "id": "62"},
{"query_num": "70", "position": 3, "id": "101"},
{"query_num": "70", "position": 3, "id": "283"},
{"query_num": "70", "position": 3, "id": "565"},
{"query_num": "70", "position": 4, "id": "24"},
{"query_num": "70", "position": 3, "id": "977"},
{"query_num": "70", "position": 3, "id": "307"},
{"query_num": "70", "position": 1, "id": "540"},
{"query_num": "71", "position": 1, "id": "569"},
{"query_num": "71", "position": 1, "id": "571"},
{"query_num": "71", "position": 2, "id": "1355"},
{"query_num": "71", "position": 3, "id": "101"},
{"query_num": "71", "position": 3, "id": "655"},
{"query_num": "71", "position": 3, "id": "1213"},
{"query_num": "71", "position": 4, "id": "798"},
{"query_num": "71", "position": 1, "id": "572"},
{"query_num": "71", "position": 1, "id": "540"},
{"query_num": "72", "position": 2, "id": "21"},
{"query_num": "72", "position": 2, "id": "324"},
{"query_num": "72", "position": 2, "id": "630"},
{"query_num": "72", "position": 3, "id": "94"},
{"query_num": "72", "position": 3, "id": "664"},
{"query_num": "72", "position": 3, "id": "304"},
{"query_num": "72", "position": 4, "id": "128"},
{"query_num": "72", "position": 4, "id": "323"},
{"query_num": "72", "position": 4, "id": "663"},
{"query_num": "72", "position": 3, "id": "570"},
{"query_num": "72", "position": 3, "id": "494"},
{"query_num": "72", "position": 4, "id": "305"},
{"query_num": "72", "position": 4, "id": "309"},
{"query_num": "72", "position": 4, "id": "571"},
{"query_num": "72", "position": 4, "id": "655"},
{"query_num": "72", "position": 4, "id": "388"},
{"query_num": "72", "position": 4, "id": "62"},
{"query_num": "72", "position": 1, "id": "629"},
{"query_num": "73", "position": 2, "id": "332"},
{"query_num": "73", "position": 2, "id": "572"},
{"query_num": "73", "position": 2, "id": "578"},
{"query_num": "73", "position": 3, "id": "573"},
{"query_num": "73", "position": 3, "id": "574"},
{"query_num": "73", "position": 3, "id": "421"},
{"query_num": "73", "position": 4, "id": "25"},
{"query_num": "73", "position": 4, "id": "317"},
{"query_num": "73", "position": 4, "id": "577"},
{"query_num": "73", "position": 2, "id": "401"},
{"query_num": "73", "position": 2, "id": "625"},
{"query_num": "73", "position": 3, "id": "160"},
{"query_num": "73", "position": 3, "id": "1213"},
{"query_num": "73", "position": 3, "id": "1304"},
{"query_num": "73", "position": 4, "id": "1198"},
{"query_num": "73", "position": 4, "id": "655"},
{"query_num": "73", "position": 4, "id": "1355"},
{"query_num": "73", "position": 3, "id": "68"},
{"query_num": "73", "position": 3, "id": "571"},
{"query_num": "73", "position": 3, "id": "1252"},
{"query_num": "73", "position": 1, "id": "541"},
{"query_num": "74", "position": 2, "id": "576"},
{"query_num": "74", "position": 2, "id": "656"},
{"query_num": "74", "position": 3, "id": "575"},
{"query_num": "74", "position": 4, "id": "317"},
{"query_num": "74", "position": 4, "id": "574"},
{"query_num": "74", "position": 4, "id": "578"},
{"query_num": "74", "position": 1, "id": "541"},
{"query_num": "75", "position": 2, "id": "667"},
{"query_num": "75", "position": 3, "id": "324"},
{"query_num": "75", "position": 3, "id": "378"},
{"query_num": "75", "position": 3, "id": "666"},
{"query_num": "75", "position": 3, "id": "670"},
{"query_num": "75", "position": 1, "id": "630"},
{"query_num": "76", "position": 2, "id": "378"},
{"query_num": "76", "position": 2, "id": "667"},
{"query_num": "76", "position": 3, "id": "324"},
{"query_num": "76", "position": 3, "id": "666"},
{"query_num": "76", "position": 3, "id": "670"},
{"query_num": "76", "position": 3, "id": "1391"},
{"query_num": "76", "position": 3, "id": "329"},
{"query_num": "76", "position": 1, "id": "630"},
{"query_num": "77", "position": 2, "id": "668"},
{"query_num": "77", "position": 3, "id": "666"},
{"query_num": "77", "position": 3, "id": "667"},
{"query_num": "77", "position": 3, "id": "670"},
{"query_num": "77", "position": 4, "id": "329"},
{"query_num": "77", "position": 4, "id": "1391"},
{"query_num": "77", "position": 1, "id": "630"},
{"query_num": "78", "position": 2, "id": "588"},
{"query_num": "78", "position": 3, "id": "589"},
{"query_num": "78", "position": 3, "id": "590"},
{"query_num": "78", "position": 1, "id": "543"},
{"query_num": "79", "position": 3, "id": "597"},
{"query_num": "79", "position": 3, "id": "598"},
{"query_num": "79", "position": 4, "id": "688"},
{"query_num": "79", "position": 4, "id": "708"},
{"query_num": "79", "position": 4, "id": "713"},
{"query_num": "79", "position": 1, "id": "544"},
{"query_num": "80", "position": 1, "id": "594"},
{"query_num": "80", "position": 1, "id": "597"},
{"query_num": "80", "position": 3, "id": "596"},
{"query_num": "80", "position": 3, "id": "598"},
{"query_num": "80", "position": 1, "id": "544"},
{"query_num": "81", "position": 1, "id": "672"},
{"query_num": "81", "position": 4, "id": "799"},
{"query_num": "81", "position": 1, "id": "631"},
{"query_num": "82", "position": 2, "id": "676"},
{"query_num": "82", "position": 2, "id": "677"},
{"query_num": "82", "position": 3, "id": "678"},
{"query_num": "82", "position": 3, "id": "679"},
{"query_num": "82", "position": 3, "id": "205"},
{"query_num": "82", "position": 1, "id": "632"},
{"query_num": "83", "position": 2, "id": "680"},
{"query_num": "83", "position": 2, "id": "681"},
{"query_num": "83", "position": 2, "id": "682"},
{"query_num": "83", "position": 2, "id": "683"},
{"query_num": "83", "position": 1, "id": "633"},
{"query_num": "84", "position": 2, "id": "606"},
{"query_num": "84", "position": 2, "id": "406"},
{"query_num": "84", "position": 3, "id": "608"},
{"query_num": "84", "position": 3, "id": "142"},
{"query_num": "84", "position": 3, "id": "294"},
{"query_num": "84", "position": 4, "id": "354"},
{"query_num": "84", "position": 4, "id": "522"},
{"query_num": "84", "position": 3, "id": "962"},
{"query_num": "84", "position": 3, "id": "1192"},
{"query_num": "84", "position": 3, "id": "1213"},
{"query_num": "84", "position": 4, "id": "873"},
{"query_num": "84", "position": 1, "id": "546"},
{"query_num": "85", "position": 1, "id": "608"},
{"query_num": "85", "position": 2, "id": "406"},
{"query_num": "85", "position": 3, "id": "606"},
{"query_num": "85", "position": 3, "id": "710"},
{"query_num": "85", "position": 1, "id": "546"},
{"query_num": "86", "position": 3, "id": "594"},
{"query_num": "86", "position": 3, "id": "790"},
{"query_num": "86", "position": 1, "id": "755"},
{"query_num": "87", "position": 2, "id": "606"},
{"query_num": "87", "position": 2, "id": "611"},
{"query_num": "87", "position": 3, "id": "562"},
{"query_num": "87", "position": 4, "id": "50"},
{"query_num": "87", "position": 4, "id": "236"},
{"query_num": "87", "position": 4, "id": "609"},
{"query_num": "87", "position": 4, "id": "612"},
{"query_num": "87", "position": 4, "id": "406"},
{"query_num": "87", "position": 1, "id": "547"},
{"query_num": "88", "position": 2, "id": "613"},
{"query_num": "88", "position": 2, "id": "614"},
{"query_num": "88", "position": 2, "id": "615"},
{"query_num": "88", "position": 3, "id": "616"},
{"query_num": "88", "position": 3, "id": "617"},
{"query_num": "88", "position": 4, "id": "618"},
{"query_num": "88", "position": 1, "id": "548"},
{"query_num": "89", "position": 2, "id": "793"},
{"query_num": "89", "position": 2, "id": "794"},
{"query_num": "89", "position": 3, "id": "797"},
{"query_num": "89", "position": 4, "id": "795"},
{"query_num": "89", "position": 4, "id": "796"},
{"query_num": "89", "position": 4, "id": "420"},
{"query_num": "89", "position": 1, "id": "757"},
{"query_num": "90", "position": 2, "id": "794"},
{"query_num": "90", "position": 2, "id": "797"},
{"query_num": "90", "position": 2, "id": "798"},
{"query_num": "90", "position": 3, "id": "793"},
{"query_num": "90", "position": 3, "id": "796"},
{"query_num": "90", "position": 3, "id": "291"},
{"query_num": "90", "position": 4, "id": "800"},
{"query_num": "90", "position": 4, "id": "1187"},
{"query_num": "90", "position": 2, "id": "256"},
{"query_num": "90", "position": 3, "id": "311"},
{"query_num": "90", "position": 3, "id": "335"},
{"query_num": "90", "position": 3, "id": "1364"},
{"query_num": "90", "position": 4, "id": "1367"},
{"query_num": "90", "position": 1, "id": "757"},
{"query_num": "91", "position": 2, "id": "252"},
{"query_num": "91", "position": 2, "id": "801"},
{"query_num": "91", "position": 3, "id": "797"},
{"query_num": "91", "position": 3, "id": "799"},
{"query_num": "91", "position": 3, "id": "800"},
{"query_num": "91", "position": 4, "id": "793"},
{"query_num": "91", "position": 4, "id": "794"},
{"query_num": "91", "position": 3, "id": "1154"},
{"query_num": "91", "position": 4, "id": "672"},
{"query_num": "91", "position": 1, "id": "757"},
{"query_num": "92", "position": 2, "id": "802"},
{"query_num": "92", "position": 2, "id": "803"},
{"query_num": "92", "position": 3, "id": "808"},
{"query_num": "92", "position": 3, "id": "809"},
{"query_num": "92", "position": 3, "id": "811"},
{"query_num": "92", "position": 4, "id": "804"},
{"query_num": "92", "position": 4, "id": "805"},
{"query_num": "92", "position": 4, "id": "806"},
{"query_num": "92", "position": 3, "id": "253"},
{"query_num": "92", "position": 3, "id": "1247"},
{"query_num": "92", "position": 4, "id": "807"},
{"query_num": "92", "position": 4, "id": "810"},
{"query_num": "92", "position": 4, "id": "1243"},
{"query_num": "92", "position": 1, "id": "758"},
{"query_num": "93", "position": 3, "id": "691"},
{"query_num": "93", "position": 1, "id": "635"},
{"query_num": "94", "position": 1, "id": "24"},
{"query_num": "94", "position": 3, "id": "283"},
{"query_num": "94", "position": 3, "id": "294"},
{"query_num": "94", "position": 3, "id": "559"},
{"query_num": "94", "position": 4, "id": "689"},
{"query_num": "94", "position": 4, "id": "690"},
{"query_num": "94", "position": 4, "id": "101"},
{"query_num": "94", "position": 3, "id": "1393"},
{"query_num": "94", "position": 4, "id": "354"},
{"query_num": "94", "position": 4, "id": "1104"},
{"query_num": "94", "position": 4, "id": "1161"},
{"query_num": "94", "position": 4, "id": "1395"},
{"query_num": "94", "position": 1, "id": "635"},
{"query_num": "95", "position": 1, "id": "283"},
{"query_num": "95", "position": 4, "id": "662"},
{"query_num": "95", "position": 1, "id": "635"},
{"query_num": "96", "position": 3, "id": "703"},
{"query_num": "96", "position": 3, "id": "704"},
{"query_num": "96", "position": 3, "id": "705"},
{"query_num": "96", "position": 4, "id": "698"},
{"query_num": "96", "position": 4, "id": "699"},
{"query_num": "96", "position": 4, "id": "700"},
{"query_num": "96", "position": 3, "id": "1289"},
{"query_num": "96", "position": 3, "id": "779"},
{"query_num": "96", "position": 4, "id": "701"},
{"query_num": "96", "position": 4, "id": "702"},
{"query_num": "96", "position": 4, "id": "706"},
{"query_num": "96", "position": 4, "id": "792"},
{"query_num": "96", "position": 4, "id": "1339"},
{"query_num": "96", "position": 1, "id": "637"},
{"query_num": "97", "position": 3, "id": "699"},
{"query_num": "97", "position": 3, "id": "700"},
{"query_num": "97", "position": 3, "id": "701"},
{"query_num": "97", "position": 4, "id": "698"},
{"query_num": "97", "position": 4, "id": "1289"},
{"query_num": "97", "position": 3, "id": "702"},
{"query_num": "97", "position": 3, "id": "703"},
{"query_num": "97", "position": 3, "id": "779"},
{"query_num": "97", "position": 4, "id": "1339"},
{"query_num": "97", "position": 3, "id": "681"},
{"query_num": "97", "position": 1, "id": "637"},
{"query_num": "98", "position": 2, "id": "713"},
{"query_num": "98", "position": 4, "id": "708"},
{"query_num": "98", "position": 4, "id": "709"},
{"query_num": "98", "position": 4, "id": "711"},
{"query_num": "98", "position": 4, "id": "712"},
{"query_num": "98", "position": 1, "id": "638"},
{"query_num": "99", "position": 2, "id": "717"},
{"query_num": "99", "position": 2, "id": "719"},
{"query_num": "99", "position": 3, "id": "1001"},
{"query_num": "99", "position": 3, "id": "1379"},
{"query_num": "99", "position": 1, "id": "639"},
{"query_num": "100", "position": 2, "id": "821"},
{"query_num": "100", "position": 2, "id": "822"},
{"query_num": "100", "position": 2, "id": "824"},
{"query_num": "100", "position": 3, "id": "820"},
{"query_num": "100", "position": 3, "id": "823"},
{"query_num": "100", "position": 3, "id": "825"},
{"query_num": "100", "position": 2, "id": "1122"},
{"query_num": "100", "position": 3, "id": "1051"},
{"query_num": "100", "position": 3, "id": "1121"},
{"query_num": "100", "position": 1, "id": "760"},
{"query_num": "101", "position": 2, "id": "817"},
{"query_num": "101", "position": 2, "id": "818"},
{"query_num": "101", "position": 2, "id": "819"},
{"query_num": "101", "position": 3, "id": "820"},
{"query_num": "101", "position": 3, "id": "825"},
{"query_num": "101", "position": 2, "id": "824"},
{"query_num": "101", "position": 1, "id": "760"},
{"query_num": "102", "position": 1, "id": "728"},
{"query_num": "102", "position": 2, "id": "913"},
{"query_num": "102", "position": 3, "id": "910"},
{"query_num": "102", "position": 4, "id": "911"},
{"query_num": "102", "position": 1, "id": "729"},
{"query_num": "103", "position": 3, "id": "826"},
{"query_num": "103", "position": 3, "id": "828"},
{"query_num": "103", "position": 1, "id": "761"},
{"query_num": "104", "position": 3, "id": "833"},
{"query_num": "104", "position": 3, "id": "834"},
{"query_num": "104", "position": 3, "id": "835"},
{"query_num": "104", "position": 3, "id": "836"},
{"query_num": "104", "position": 3, "id": "837"},
{"query_num": "104", "position": 1, "id": "762"},
{"query_num": "105", "position": 3, "id": "848"},
{"query_num": "105", "position": 4, "id": "844"},
{"query_num": "105", "position": 4, "id": "845"},
{"query_num": "105", "position": 4, "id": "846"},
{"query_num": "105", "position": 4, "id": "847"},
{"query_num": "105", "position": 1, "id": "764"},
{"query_num": "106", "position": 2, "id": "847"},
{"query_num": "106", "position": 3, "id": "846"},
{"query_num": "106", "position": 3, "id": "849"},
{"query_num": "106", "position": 4, "id": "844"},
{"query_num": "106", "position": 4, "id": "845"},
{"query_num": "106", "position": 1, "id": "764"},
{"query_num": "107", "position": 2, "id": "725"},
{"query_num": "107", "position": 2, "id": "728"},
{"query_num": "107", "position": 3, "id": "729"},
{"query_num": "107", "position": 3, "id": "911"},
{"query_num": "107", "position": 4, "id": "720"},
{"query_num": "107", "position": 4, "id": "75"},
{"query_num": "107", "position": 4, "id": "909"},
{"query_num": "107", "position": 1, "id": "640"},
{"query_num": "108", "position": 2, "id": "724"},
{"query_num": "108", "position": 2, "id": "726"},
{"query_num": "108", "position": 2, "id": "727"},
{"query_num": "108", "position": 3, "id": "75"},
{"query_num": "108", "position": 3, "id": "909"},
{"query_num": "108", "position": 4, "id": "720"},
{"query_num": "108", "position": 4, "id": "723"},
{"query_num": "108", "position": 1, "id": "640"},
{"query_num": "109", "position": 1, "id": "860"},
{"query_num": "109", "position": 1, "id": "861"},
{"query_num": "109", "position": 3, "id": "606"},
{"query_num": "109", "position": 3, "id": "980"},
{"query_num": "109", "position": 3, "id": "12"},
{"query_num": "109", "position": 1, "id": "766"},
{"query_num": "110", "position": 1, "id": "862"},
{"query_num": "110", "position": 1, "id": "863"},
{"query_num": "110", "position": 3, "id": "31"},
{"query_num": "110", "position": 4, "id": "1174"},
{"query_num": "110", "position": 1, "id": "766"},
{"query_num": "111", "position": 2, "id": "15"},
{"query_num": "111", "position": 2, "id": "391"},
{"query_num": "111", "position": 2, "id": "864"},
{"query_num": "111", "position": 3, "id": "914"},
{"query_num": "111", "position": 3, "id": "392"},
{"query_num": "111", "position": 3, "id": "627"},
{"query_num": "111", "position": 3, "id": "658"},
{"query_num": "111", "position": 1, "id": "894"},
{"query_num": "112", "position": 3, "id": "731"},
{"query_num": "112", "position": 4, "id": "730"},
{"query_num": "112", "position": 1, "id": "641"},
{"query_num": "113", "position": 3, "id": "746"},
{"query_num": "113", "position": 3, "id": "748"},
{"query_num": "113", "position": 3, "id": "749"},
{"query_num": "113", "position": 3, "id": "265"},
{"query_num": "113", "position": 1, "id": "643"},
{"query_num": "114", "position": 1, "id": "919"},
{"query_num": "114", "position": 2, "id": "916"},
{"query_num": "114", "position": 3, "id": "920"},
{"query_num": "114", "position": 3, "id": "921"},
{"query_num": "114", "position": 1, "id": "895"},
{"query_num": "115", "position": 2, "id": "51"},
{"query_num": "115", "position": 2, "id": "185"},
{"query_num": "115", "position": 3, "id": "878"},
{"query_num": "115", "position": 4, "id": "874"},
{"query_num": "115", "position": 1, "id": "184"},
{"query_num": "116", "position": 1, "id": "922"},
{"query_num": "116", "position": 3, "id": "360"},
{"query_num": "116", "position": 3, "id": "605"},
{"query_num": "116", "position": 3, "id": "927"},
{"query_num": "116", "position": 4, "id": "492"},
{"query_num": "116", "position": 1, "id": "896"},
{"query_num": "117", "position": 2, "id": "360"},
{"query_num": "117", "position": 3, "id": "605"},
{"query_num": "117", "position": 1, "id": "896"},
{"query_num": "118", "position": 2, "id": "923"},
{"query_num": "118", "position": 3, "id": "924"},
{"query_num": "118", "position": 3, "id": "925"},
{"query_num": "118", "position": 1, "id": "896"},
{"query_num": "119", "position": 4, "id": "926"},
{"query_num": "119", "position": 1, "id": "897"},
{"query_num": "120", "position": 2, "id": "829"},
{"query_num": "120", "position": 2, "id": "887"},
{"query_num": "120", "position": 2, "id": "890"},
{"query_num": "120", "position": 3, "id": "885"},
{"query_num": "120", "position": 3, "id": "886"},
{"query_num": "120", "position": 3, "id": "888"},
{"query_num": "120", "position": 4, "id": "889"},
{"query_num": "120", "position": 2, "id": "1146"},
{"query_num": "120", "position": 3, "id": "891"},
{"query_num": "120", "position": 1, "id": "769"},
{"query_num": "121", "position": 1, "id": "885"},
{"query_num": "121", "position": 1, "id": "886"},
{"query_num": "121", "position": 2, "id": "1146"},
{"query_num": "121", "position": 1, "id": "887"},
{"query_num": "121", "position": 1, "id": "888"},
{"query_num": "121", "position": 1, "id": "890"},
{"query_num": "121", "position": 1, "id": "891"},
{"query_num": "121", "position": 1, "id": "769"},
{"query_num": "122", "position": 4, "id": "931"},
{"query_num": "122", "position": 2, "id": "932"},
{"query_num": "122", "position": 4, "id": "934"},
{"query_num": "122", "position": 4, "id": "935"},
{"query_num": "122", "position": 2, "id": "936"},
{"query_num": "122", "position": 2, "id": "937"},
{"query_num": "122", "position": 2, "id": "938"},
{"query_num": "122", "position": 3, "id": "957"},
{"query_num": "122", "position": 3, "id": "1131"},
{"query_num": "122", "position": 1, "id": "898"},
{"query_num": "123", "position": 2, "id": "966"},
{"query_num": "123", "position": 3, "id": "967"},
{"query_num": "123", "position": 1, "id": "941"},
{"query_num": "124", "position": 2, "id": "967"},
{"query_num": "124", "position": 2, "id": "968"},
{"query_num": "124", "position": 3, "id": "964"},
{"query_num": "124", "position": 3, "id": "965"},
{"query_num": "124", "position": 1, "id": "941"},
{"query_num": "125", "position": 2, "id": "969"},
{"query_num": "125", "position": 2, "id": "970"},
{"query_num": "125", "position": 2, "id": "971"},
{"query_num": "125", "position": 3, "id": "187"},
{"query_num": "125", "position": 3, "id": "973"},
{"query_num": "125", "position": 3, "id": "173"},
{"query_num": "125", "position": 4, "id": "974"},
{"query_num": "125", "position": 4, "id": "177"},
{"query_num": "125", "position": 2, "id": "972"},
{"query_num": "125", "position": 2, "id": "174"},
{"query_num": "125", "position": 2, "id": "997"},
{"query_num": "125", "position": 3, "id": "176"},
{"query_num": "125", "position": 3, "id": "409"},
{"query_num": "125", "position": 3, "id": "946"},
{"query_num": "125", "position": 3, "id": "992"},
{"query_num": "125", "position": 3, "id": "994"},
{"query_num": "125", "position": 3, "id": "995"},
{"query_num": "125", "position": 1, "id": "942"},
{"query_num": "126", "position": 2, "id": "974"},
{"query_num": "126", "position": 2, "id": "1326"},
{"query_num": "126", "position": 3, "id": "187"},
{"query_num": "126", "position": 3, "id": "969"},
{"query_num": "126", "position": 3, "id": "970"},
{"query_num": "126", "position": 3, "id": "971"},
{"query_num": "126", "position": 3, "id": "972"},
{"query_num": "126", "position": 3, "id": "973"},
{"query_num": "126", "position": 1, "id": "942"},
{"query_num": "127", "position": 2, "id": "101"},
{"query_num": "127", "position": 2, "id": "164"},
{"query_num": "127", "position": 3, "id": "981"},
{"query_num": "127", "position": 4, "id": "982"},
{"query_num": "127", "position": 4, "id": "983"},
{"query_num": "127", "position": 1, "id": "944"},
{"query_num": "128", "position": 3, "id": "985"},
{"query_num": "128", "position": 3, "id": "990"},
{"query_num": "128", "position": 1, "id": "945"},
{"query_num": "129", "position": 2, "id": "985"},
{"query_num": "129", "position": 2, "id": "987"},
{"query_num": "129", "position": 3, "id": "984"},
{"query_num": "129", "position": 3, "id": "988"},
{"query_num": "129", "position": 3, "id": "989"},
{"query_num": "129", "position": 4, "id": "986"},
{"query_num": "129", "position": 3, "id": "990"},
{"query_num": "129", "position": 1, "id": "945"},
{"query_num": "130", "position": 2, "id": "766"},
{"query_num": "130", "position": 3, "id": "858"},
{"query_num": "130", "position": 3, "id": "859"},
{"query_num": "130", "position": 3, "id": "1008"},
{"query_num": "130", "position": 3, "id": "12"},
{"query_num": "130", "position": 1, "id": "948"},
{"query_num": "131", "position": 2, "id": "1014"},
{"query_num": "131", "position": 2, "id": "1020"},
{"query_num": "131", "position": 3, "id": "1013"},
{"query_num": "131", "position": 3, "id": "1016"},
{"query_num": "131", "position": 3, "id": "1017"},
{"query_num": "131", "position": 4, "id": "1012"},
{"query_num": "131", "position": 3, "id": "1018"},
{"query_num": "131", "position": 3, "id": "1019"},
{"query_num": "131", "position": 1, "id": "950"},
{"query_num": "132", "position": 1, "id": "1014"},
{"query_num": "132", "position": 3, "id": "1013"},
{"query_num": "132", "position": 3, "id": "1015"},
{"query_num": "132", "position": 3, "id": "1016"},
{"query_num": "132", "position": 4, "id": "1012"},
{"query_num": "132", "position": 4, "id": "1018"},
{"query_num": "132", "position": 4, "id": "1019"},
{"query_num": "132", "position": 3, "id": "1017"},
{"query_num": "132", "position": 3, "id": "951"},
{"query_num": "132", "position": 3, "id": "1023"},
{"query_num": "132", "position": 4, "id": "1020"},
{"query_num": "132", "position": 4, "id": "952"},
{"query_num": "132", "position": 4, "id": "1024"},
{"query_num": "132", "position": 3, "id": "1025"},
{"query_num": "132", "position": 3, "id": "1026"},
{"query_num": "132", "position": 1, "id": "950"},
{"query_num": "133", "position": 1, "id": "1020"},
{"query_num": "133", "position": 2, "id": "1018"},
{"query_num": "133", "position": 2, "id": "1019"},
{"query_num": "133", "position": 3, "id": "1024"},
{"query_num": "133", "position": 4, "id": "1012"},
{"query_num": "133", "position": 4, "id": "1016"},
{"query_num": "133", "position": 4, "id": "1022"},
{"query_num": "133", "position": 1, "id": "950"},
{"query_num": "134", "position": 2, "id": "1027"},
{"query_num": "134", "position": 3, "id": "1028"},
{"query_num": "134", "position": 1, "id": "951"},
{"query_num": "135", "position": 1, "id": "1018"},
{"query_num": "135", "position": 4, "id": "1017"},
{"query_num": "135", "position": 4, "id": "1023"},
{"query_num": "135", "position": 4, "id": "1024"},
{"query_num": "135", "position": 4, "id": "1025"},
{"query_num": "135", "position": 4, "id": "1026"},
{"query_num": "135", "position": 4, "id": "950"},
{"query_num": "135", "position": 4, "id": "1016"},
{"query_num": "135", "position": 1, "id": "951"},
{"query_num": "136", "position": 1, "id": "1021"},
{"query_num": "136", "position": 4, "id": "1022"},
{"query_num": "136", "position": 4, "id": "1034"},
{"query_num": "136", "position": 1, "id": "951"},
{"query_num": "137", "position": 2, "id": "1029"},
{"query_num": "137", "position": 3, "id": "1034"},
{"query_num": "137", "position": 3, "id": "951"},
{"query_num": "137", "position": 3, "id": "1021"},
{"query_num": "137", "position": 1, "id": "952"},
{"query_num": "138", "position": 1, "id": "846"},
{"query_num": "138", "position": 1, "id": "1036"},
{"query_num": "138", "position": 1, "id": "953"},
{"query_num": "139", "position": 2, "id": "1031"},
{"query_num": "139", "position": 2, "id": "1032"},
{"query_num": "139", "position": 2, "id": "1035"},
{"query_num": "139", "position": 4, "id": "1037"},
{"query_num": "139", "position": 1, "id": "953"},
{"query_num": "140", "position": 1, "id": "1038"},
{"query_num": "140", "position": 1, "id": "1039"},
{"query_num": "140", "position": 2, "id": "1041"},
{"query_num": "140", "position": 2, "id": "1042"},
{"query_num": "140", "position": 4, "id": "1043"},
{"query_num": "140", "position": 4, "id": "1044"},
{"query_num": "140", "position": 1, "id": "954"},
{"query_num": "141", "position": 1, "id": "1038"},
{"query_num": "141", "position": 1, "id": "1041"},
{"query_num": "141", "position": 2, "id": "1043"},
{"query_num": "141", "position": 2, "id": "1044"},
{"query_num": "141", "position": 3, "id": "1039"},
{"query_num": "141", "position": 3, "id": "1042"},
{"query_num": "141", "position": 1, "id": "954"},
{"query_num": "142", "position": 1, "id": "1042"},
{"query_num": "142", "position": 1, "id": "954"},
{"query_num": "143", "position": 1, "id": "1043"},
{"query_num": "143", "position": 1, "id": "1044"},
{"query_num": "143", "position": 1, "id": "954"},
{"query_num": "144", "position": 2, "id": "840"},
{"query_num": "144", "position": 2, "id": "1045"},
{"query_num": "144", "position": 3, "id": "763"},
{"query_num": "144", "position": 3, "id": "838"},
{"query_num": "144", "position": 3, "id": "839"},
{"query_num": "144", "position": 3, "id": "841"},
{"query_num": "144", "position": 1, "id": "955"},
{"query_num": "145", "position": 2, "id": "763"},
{"query_num": "145", "position": 2, "id": "838"},
{"query_num": "145", "position": 2, "id": "839"},
{"query_num": "145", "position": 3, "id": "1045"},
{"query_num": "145", "position": 3, "id": "743"},
{"query_num": "145", "position": 4, "id": "852"},
{"query_num": "145", "position": 2, "id": "841"},
{"query_num": "145", "position": 1, "id": "955"},
{"query_num": "146", "position": 1, "id": "840"},
{"query_num": "146", "position": 3, "id": "1045"},
{"query_num": "146", "position": 1, "id": "955"},
{"query_num": "147", "position": 3, "id": "889"},
{"query_num": "147", "position": 3, "id": "1046"},
{"query_num": "147", "position": 3, "id": "1048"},
{"query_num": "147", "position": 4, "id": "1047"},
{"query_num": "147", "position": 4, "id": "1049"},
{"query_num": "147", "position": 4, "id": "1051"},
{"query_num": "147", "position": 3, "id": "1050"},
{"query_num": "147", "position": 3, "id": "843"},
{"query_num": "147", "position": 4, "id": "926"},
{"query_num": "147", "position": 4, "id": "822"},
{"query_num": "147", "position": 1, "id": "956"},
{"query_num": "148", "position": 2, "id": "889"},
{"query_num": "148", "position": 2, "id": "1048"},
{"query_num": "148", "position": 2, "id": "1050"},
{"query_num": "148", "position": 3, "id": "1046"},
{"query_num": "148", "position": 3, "id": "1049"},
{"query_num": "148", "position": 3, "id": "843"},
{"query_num": "148", "position": 1, "id": "956"},
{"query_num": "149", "position": 3, "id": "1057"},
{"query_num": "149", "position": 3, "id": "1058"},
{"query_num": "149", "position": 3, "id": "1059"},
{"query_num": "149", "position": 4, "id": "1052"},
{"query_num": "149", "position": 3, "id": "930"},
{"query_num": "149", "position": 3, "id": "931"},
{"query_num": "149", "position": 3, "id": "934"},
{"query_num": "149", "position": 3, "id": "936"},
{"query_num": "149", "position": 3, "id": "937"},
{"query_num": "149", "position": 3, "id": "938"},
{"query_num": "149", "position": 3, "id": "1131"},
{"query_num": "149", "position": 1, "id": "957"},
{"query_num": "150", "position": 3, "id": "1074"},
{"query_num": "150", "position": 3, "id": "1075"},
{"query_num": "150", "position": 1, "id": "1062"},
{"query_num": "151", "position": 2, "id": "687"},
{"query_num": "151", "position": 2, "id": "1076"},
{"query_num": "151", "position": 3, "id": "1074"},
{"query_num": "151", "position": 4, "id": "1075"},
{"query_num": "151", "position": 4, "id": "1077"},
{"query_num": "151", "position": 1, "id": "1062"},
{"query_num": "152", "position": 1, "id": "1076"},
{"query_num": "152", "position": 3, "id": "1077"},
{"query_num": "152", "position": 3, "id": "569"},
{"query_num": "152", "position": 3, "id": "572"},
{"query_num": "152", "position": 4, "id": "687"},
{"query_num": "152", "position": 3, "id": "655"},
{"query_num": "152", "position": 1, "id": "1062"},
{"query_num": "153", "position": 3, "id": "1078"},
{"query_num": "153", "position": 3, "id": "1083"},
{"query_num": "153", "position": 3, "id": "1084"},
{"query_num": "153", "position": 4, "id": "1080"},
{"query_num": "153", "position": 4, "id": "1081"},
{"query_num": "153", "position": 4, "id": "1082"},
{"query_num": "153", "position": 3, "id": "1085"},
{"query_num": "153", "position": 1, "id": "1063"},
{"query_num": "154", "position": 2, "id": "1087"},
{"query_num": "154", "position": 3, "id": "1088"},
{"query_num": "154", "position": 1, "id": "1063"},
{"query_num": "155", "position": 1, "id": "1103"},
{"query_num": "155", "position": 2, "id": "1100"},
{"query_num": "155", "position": 3, "id": "983"},
{"query_num": "155", "position": 3, "id": "1101"},
{"query_num": "155", "position": 3, "id": "1104"},
{"query_num": "155", "position": 4, "id": "1099"},
{"query_num": "155", "position": 1, "id": "1065"},
{"query_num": "156", "position": 1, "id": "983"},
{"query_num": "156", "position": 1, "id": "1102"},
{"query_num": "156", "position": 2, "id": "1097"},
{"query_num": "156", "position": 2, "id": "1100"},
{"query_num": "156", "position": 2, "id": "274"},
{"query_num": "156", "position": 3, "id": "1096"},
{"query_num": "156", "position": 3, "id": "1098"},
{"query_num": "156", "position": 3, "id": "1099"},
{"query_num": "156", "position": 4, "id": "1103"},
{"query_num": "156", "position": 4, "id": "982"},
{"query_num": "156", "position": 1, "id": "1104"},
{"query_num": "156", "position": 2, "id": "553"},
{"query_num": "156", "position": 3, "id": "1101"},
{"query_num": "156", "position": 3, "id": "82"},
{"query_num": "156", "position": 1, "id": "1065"},
{"query_num": "157", "position": 2, "id": "273"},
{"query_num": "157", "position": 2, "id": "1105"},
{"query_num": "157", "position": 2, "id": "1106"},
{"query_num": "157", "position": 3, "id": "93"},
{"query_num": "157", "position": 3, "id": "161"},
{"query_num": "157", "position": 3, "id": "302"},
{"query_num": "157", "position": 4, "id": "122"},
{"query_num": "157", "position": 4, "id": "666"},
{"query_num": "157", "position": 2, "id": "1107"},
{"query_num": "157", "position": 2, "id": "556"},
{"query_num": "157", "position": 2, "id": "25"},
{"query_num": "157", "position": 3, "id": "1011"},
{"query_num": "157", "position": 3, "id": "19"},
{"query_num": "157", "position": 3, "id": "35"},
{"query_num": "157", "position": 4, "id": "1355"},
{"query_num": "157", "position": 2, "id": "372"},
{"query_num": "157", "position": 2, "id": "410"},
{"query_num": "157", "position": 2, "id": "456"},
{"query_num": "157", "position": 3, "id": "36"},
{"query_num": "157", "position": 3, "id": "44"},
{"query_num": "157", "position": 3, "id": "215"},
{"query_num": "157", "position": 2, "id": "626"},
{"query_num": "157", "position": 2, "id": "1151"},
{"query_num": "157", "position": 3, "id": "354"},
{"query_num": "157", "position": 3, "id": "369"},
{"query_num": "157", "position": 3, "id": "370"},
{"query_num": "157", "position": 3, "id": "421"},
{"query_num": "157", "position": 3, "id": "557"},
{"query_num": "157", "position": 3, "id": "605"},
{"query_num": "157", "position": 3, "id": "655"},
{"query_num": "157", "position": 3, "id": "657"},
{"query_num": "157", "position": 3, "id": "689"},
{"query_num": "157", "position": 3, "id": "1307"},
{"query_num": "157", "position": 3, "id": "318"},
{"query_num": "157", "position": 3, "id": "423"},
{"query_num": "157", "position": 3, "id": "1304"},
{"query_num": "157", "position": 3, "id": "160"},
{"query_num": "157", "position": 3, "id": "482"},
{"query_num": "157", "position": 3, "id": "572"},
{"query_num": "157", "position": 1, "id": "1006"},
{"query_num": "158", "position": 1, "id": "302"},
{"query_num": "158", "position": 1, "id": "1011"},
{"query_num": "158", "position": 2, "id": "552"},
{"query_num": "158", "position": 3, "id": "998"},
{"query_num": "158", "position": 3, "id": "1009"},
{"query_num": "158", "position": 3, "id": "1010"},
{"query_num": "158", "position": 4, "id": "273"},
{"query_num": "158", "position": 4, "id": "556"},
{"query_num": "158", "position": 1, "id": "1006"},
{"query_num": "159", "position": 3, "id": "234"},
{"query_num": "159", "position": 3, "id": "1108"},
{"query_num": "159", "position": 3, "id": "1110"},
{"query_num": "159", "position": 4, "id": "1114"},
{"query_num": "159", "position": 4, "id": "1115"},
{"query_num": "159", "position": 3, "id": "1111"},
{"query_num": "159", "position": 3, "id": "1112"},
{"query_num": "159", "position": 3, "id": "231"},
{"query_num": "159", "position": 1, "id": "1066"},
{"query_num": "160", "position": 3, "id": "1134"},
{"query_num": "160", "position": 3, "id": "1137"},
{"query_num": "160", "position": 3, "id": "1138"},
{"query_num": "160", "position": 4, "id": "1135"},
{"query_num": "160", "position": 4, "id": "1136"},
{"query_num": "160", "position": 1, "id": "1071"},
{"query_num": "161", "position": 2, "id": "54"},
{"query_num": "161", "position": 2, "id": "1386"},
{"query_num": "161", "position": 3, "id": "562"},
{"query_num": "161", "position": 3, "id": "336"},
{"query_num": "161", "position": 4, "id": "55"},
{"query_num": "161", "position": 4, "id": "996"},
{"query_num": "161", "position": 1, "id": "489"},
{"query_num": "162", "position": 1, "id": "111"},
{"query_num": "162", "position": 1, "id": "155"},
{"query_num": "162", "position": 2, "id": "460"},
{"query_num": "162", "position": 2, "id": "461"},
{"query_num": "162", "position": 3, "id": "54"},
{"query_num": "162", "position": 3, "id": "562"},
{"query_num": "162", "position": 1, "id": "458"},
{"query_num": "162", "position": 1, "id": "459"},
{"query_num": "162", "position": 1, "id": "489"},
{"query_num": "163", "position": 3, "id": "20"},
{"query_num": "163", "position": 3, "id": "56"},
{"query_num": "163", "position": 3, "id": "57"},
{"query_num": "163", "position": 1, "id": "492"},
{"query_num": "164", "position": 2, "id": "311"},
{"query_num": "164", "position": 3, "id": "415"},
{"query_num": "164", "position": 3, "id": "416"},
{"query_num": "164", "position": 3, "id": "798"},
{"query_num": "164", "position": 4, "id": "316"},
{"query_num": "164", "position": 4, "id": "335"},
{"query_num": "164", "position": 3, "id": "1364"},
{"query_num": "164", "position": 3, "id": "1367"},
{"query_num": "164", "position": 1, "id": "503"},
{"query_num": "165", "position": 1, "id": "71"},
{"query_num": "165", "position": 1, "id": "72"},
{"query_num": "165", "position": 1, "id": "504"},
{"query_num": "166", "position": 2, "id": "40"},
{"query_num": "166", "position": 2, "id": "41"},
{"query_num": "166", "position": 2, "id": "74"},
{"query_num": "166", "position": 2, "id": "207"},
{"query_num": "166", "position": 2, "id": "272"},
{"query_num": "166", "position": 2, "id": "418"},
{"query_num": "166", "position": 2, "id": "170"},
{"query_num": "166", "position": 2, "id": "1264"},
{"query_num": "166", "position": 1, "id": "504"},
{"query_num": "167", "position": 2, "id": "274"},
{"query_num": "167", "position": 3, "id": "82"},
{"query_num": "167", "position": 1, "id": "509"},
{"query_num": "168", "position": 1, "id": "217"},
{"query_num": "168", "position": 1, "id": "774"},
{"query_num": "168", "position": 1, "id": "750"},
{"query_num": "169", "position": 1, "id": "118"},
{"query_num": "169", "position": 1, "id": "157"},
{"query_num": "169", "position": 1, "id": "774"},
{"query_num": "169", "position": 1, "id": "775"},
{"query_num": "169", "position": 1, "id": "750"},
{"query_num": "170", "position": 2, "id": "139"},
{"query_num": "170", "position": 2, "id": "238"},
{"query_num": "170", "position": 3, "id": "239"},
{"query_num": "170", "position": 3, "id": "904"},
{"query_num": "170", "position": 3, "id": "906"},
{"query_num": "170", "position": 3, "id": "672"},
{"query_num": "170", "position": 1, "id": "893"},
{"query_num": "171", "position": 1, "id": "252"},
{"query_num": "171", "position": 1, "id": "431"},
{"query_num": "171", "position": 4, "id": "141"},
{"query_num": "171", "position": 1, "id": "516"},
{"query_num": "172", "position": 1, "id": "320"},
{"query_num": "172", "position": 1, "id": "321"},
{"query_num": "172", "position": 3, "id": "322"},
{"query_num": "172", "position": 3, "id": "476"},
{"query_num": "172", "position": 1, "id": "527"},
{"query_num": "173", "position": 1, "id": "367"},
{"query_num": "173", "position": 1, "id": "451"},
{"query_num": "173", "position": 1, "id": "532"},
{"query_num": "174", "position": 1, "id": "58"},
{"query_num": "174", "position": 1, "id": "411"},
{"query_num": "174", "position": 2, "id": "36"},
{"query_num": "174", "position": 4, "id": "423"},
{"query_num": "174", "position": 1, "id": "482"},
{"query_num": "174", "position": 1, "id": "533"},
{"query_num": "175", "position": 2, "id": "351"},
{"query_num": "175", "position": 2, "id": "966"},
{"query_num": "175", "position": 2, "id": "967"},
{"query_num": "175", "position": 3, "id": "964"},
{"query_num": "175", "position": 3, "id": "965"},
{"query_num": "175", "position": 1, "id": "941"},
{"query_num": "176", "position": 1, "id": "582"},
{"query_num": "176", "position": 1, "id": "583"},
{"query_num": "176", "position": 3, "id": "584"},
{"query_num": "176", "position": 3, "id": "585"},
{"query_num": "176", "position": 4, "id": "978"},
{"query_num": "176", "position": 1, "id": "586"},
{"query_num": "176", "position": 1, "id": "982"},
{"query_num": "176", "position": 1, "id": "542"},
{"query_num": "177", "position": 2, "id": "588"},
{"query_num": "177", "position": 2, "id": "589"},
{"query_num": "177", "position": 3, "id": "592"},
{"query_num": "177", "position": 3, "id": "772"},
{"query_num": "177", "position": 4, "id": "590"},
{"query_num": "177", "position": 1, "id": "543"},
{"query_num": "178", "position": 1, "id": "591"},
{"query_num": "178", "position": 3, "id": "590"},
{"query_num": "178", "position": 4, "id": "588"},
{"query_num": "178", "position": 4, "id": "589"},
{"query_num": "178", "position": 1, "id": "543"},
{"query_num": "179", "position": 3, "id": "680"},
{"query_num": "179", "position": 3, "id": "681"},
{"query_num": "179", "position": 3, "id": "682"},
{"query_num": "179", "position": 3, "id": "683"},
{"query_num": "179", "position": 1, "id": "633"},
{"query_num": "180", "position": 2, "id": "622"},
{"query_num": "180", "position": 3, "id": "619"},
{"query_num": "180", "position": 3, "id": "620"},
{"query_num": "180", "position": 3, "id": "621"},
{"query_num": "180", "position": 4, "id": "617"},
{"query_num": "180", "position": 4, "id": "616"},
{"query_num": "180", "position": 4, "id": "1150"},
{"query_num": "180", "position": 1, "id": "548"},
{"query_num": "181", "position": 2, "id": "973"},
{"query_num": "181", "position": 2, "id": "974"},
{"query_num": "181", "position": 2, "id": "409"},
{"query_num": "181", "position": 3, "id": "997"},
{"query_num": "181", "position": 3, "id": "1061"},
{"query_num": "181", "position": 1, "id": "942"},
{"query_num": "182", "position": 1, "id": "685"},
{"query_num": "182", "position": 3, "id": "686"},
{"query_num": "182", "position": 1, "id": "634"},
{"query_num": "183", "position": 1, "id": "803"},
{"query_num": "183", "position": 1, "id": "808"},
{"query_num": "183", "position": 2, "id": "802"},
{"query_num": "183", "position": 3, "id": "807"},
{"query_num": "183", "position": 3, "id": "811"},
{"query_num": "183", "position": 3, "id": "253"},
{"query_num": "183", "position": 4, "id": "804"},
{"query_num": "183", "position": 4, "id": "805"},
{"query_num": "183", "position": 4, "id": "806"},
{"query_num": "183", "position": 1, "id": "809"},
{"query_num": "183", "position": 4, "id": "810"},
{"query_num": "183", "position": 4, "id": "1243"},
{"query_num": "183", "position": 4, "id": "1247"},
{"query_num": "183", "position": 1, "id": "758"},
{"query_num": "184", "position": 3, "id": "32"},
{"query_num": "184", "position": 3, "id": "67"},
{"query_num": "184", "position": 3, "id": "715"},
{"query_num": "184", "position": 4, "id": "717"},
{"query_num": "184", "position": 3, "id": "716"},
{"query_num": "184", "position": 3, "id": "499"},
{"query_num": "184", "position": 3, "id": "1379"},
{"query_num": "184", "position": 1, "id": "639"},
{"query_num": "185", "position": 2, "id": "858"},
{"query_num": "185", "position": 2, "id": "859"},
{"query_num": "185", "position": 2, "id": "857"},
{"query_num": "185", "position": 3, "id": "1008"},
{"query_num": "185", "position": 3, "id": "856"},
{"query_num": "185", "position": 4, "id": "15"},
{"query_num": "185", "position": 4, "id": "285"},
{"query_num": "185", "position": 4, "id": "894"},
{"query_num": "185", "position": 2, "id": "766"},
{"query_num": "185", "position": 1, "id": "948"},
{"query_num": "186", "position": 3, "id": "1309"},
{"query_num": "186", "position": 3, "id": "1378"},
{"query_num": "186", "position": 3, "id": "923"},
{"query_num": "186", "position": 4, "id": "161"},
{"query_num": "186", "position": 4, "id": "421"},
{"query_num": "186", "position": 4, "id": "1377"},
{"query_num": "186", "position": 3, "id": "924"},
{"query_num": "186", "position": 3, "id": "1062"},
{"query_num": "186", "position": 3, "id": "1074"},
{"query_num": "186", "position": 4, "id": "1379"},
{"query_num": "186", "position": 4, "id": "1380"},
{"query_num": "186", "position": 3, "id": "1075"},
{"query_num": "186", "position": 3, "id": "225"},
{"query_num": "186", "position": 3, "id": "1280"},
{"query_num": "186", "position": 3, "id": "1305"},
{"query_num": "186", "position": 3, "id": "1304"},
{"query_num": "186", "position": 1, "id": "1188"},
{"query_num": "187", "position": 3, "id": "838"},
{"query_num": "187", "position": 3, "id": "839"},
{"query_num": "187", "position": 3, "id": "840"},
{"query_num": "187", "position": 4, "id": "743"},
{"query_num": "187", "position": 3, "id": "842"},
{"query_num": "187", "position": 3, "id": "1045"},
{"query_num": "187", "position": 1, "id": "763"},
{"query_num": "188", "position": 2, "id": "721"},
{"query_num": "188", "position": 2, "id": "722"},
{"query_num": "188", "position": 2, "id": "723"},
{"query_num": "188", "position": 3, "id": "75"},
{"query_num": "188", "position": 3, "id": "909"},
{"query_num": "188", "position": 4, "id": "724"},
{"query_num": "188", "position": 4, "id": "726"},
{"query_num": "188", "position": 2, "id": "725"},
{"query_num": "188", "position": 2, "id": "728"},
{"query_num": "188", "position": 2, "id": "729"},
{"query_num": "188", "position": 2, "id": "911"},
{"query_num": "188", "position": 1, "id": "640"},
{"query_num": "189", "position": 2, "id": "395"},
{"query_num": "189", "position": 2, "id": "866"},
{"query_num": "189", "position": 2, "id": "869"},
{"query_num": "189", "position": 3, "id": "865"},
{"query_num": "189", "position": 3, "id": "868"},
{"query_num": "189", "position": 3, "id": "870"},
{"query_num": "189", "position": 4, "id": "867"},
{"query_num": "189", "position": 3, "id": "872"},
{"query_num": "189", "position": 3, "id": "873"},
{"query_num": "189", "position": 1, "id": "767"},
{"query_num": "190", "position": 1, "id": "15"},
{"query_num": "190", "position": 1, "id": "391"},
{"query_num": "190", "position": 2, "id": "285"},
{"query_num": "190", "position": 3, "id": "390"},
{"query_num": "190", "position": 3, "id": "864"},
{"query_num": "190", "position": 1, "id": "894"},
{"query_num": "191", "position": 1, "id": "914"},
{"query_num": "191", "position": 1, "id": "915"},
{"query_num": "191", "position": 2, "id": "285"},
{"query_num": "191", "position": 2, "id": "857"},
{"query_num": "191", "position": 2, "id": "858"},
{"query_num": "191", "position": 3, "id": "15"},
{"query_num": "191", "position": 3, "id": "391"},
{"query_num": "191", "position": 3, "id": "856"},
{"query_num": "191", "position": 4, "id": "390"},
{"query_num": "191", "position": 4, "id": "1008"},
{"query_num": "191", "position": 3, "id": "948"},
{"query_num": "191", "position": 3, "id": "864"},
{"query_num": "191", "position": 3, "id": "658"},
{"query_num": "191", "position": 1, "id": "894"},
{"query_num": "192", "position": 1, "id": "733"},
{"query_num": "192", "position": 1, "id": "734"},
{"query_num": "192", "position": 1, "id": "735"},
{"query_num": "192", "position": 1, "id": "736"},
{"query_num": "192", "position": 1, "id": "641"},
{"query_num": "193", "position": 3, "id": "730"},
{"query_num": "193", "position": 3, "id": "422"},
{"query_num": "193", "position": 3, "id": "648"},
{"query_num": "193", "position": 4, "id": "731"},
{"query_num": "193", "position": 4, "id": "733"},
{"query_num": "193", "position": 4, "id": "734"},
{"query_num": "193", "position": 3, "id": "1392"},
{"query_num": "193", "position": 4, "id": "735"},
{"query_num": "193", "position": 4, "id": "736"},
{"query_num": "193", "position": 1, "id": "641"},
{"query_num": "194", "position": 2, "id": "739"},
{"query_num": "194", "position": 2, "id": "740"},
{"query_num": "194", "position": 2, "id": "742"},
{"query_num": "194", "position": 3, "id": "744"},
{"query_num": "194", "position": 4, "id": "741"},
{"query_num": "194", "position": 2, "id": "743"},
{"query_num": "194", "position": 1, "id": "642"},
{"query_num": "195", "position": 3, "id": "739"},
{"query_num": "195", "position": 3, "id": "742"},
{"query_num": "195", "position": 3, "id": "743"},
{"query_num": "195", "position": 1, "id": "642"},
{"query_num": "196", "position": 2, "id": "51"},
{"query_num": "196", "position": 2, "id": "185"},
{"query_num": "196", "position": 2, "id": "874"},
{"query_num": "196", "position": 3, "id": "878"},
{"query_num": "196", "position": 3, "id": "879"},
{"query_num": "196", "position": 3, "id": "880"},
{"query_num": "196", "position": 4, "id": "12"},
{"query_num": "196", "position": 2, "id": "875"},
{"query_num": "196", "position": 2, "id": "876"},
{"query_num": "196", "position": 3, "id": "202"},
{"query_num": "196", "position": 3, "id": "746"},
{"query_num": "196", "position": 3, "id": "13"},
{"query_num": "196", "position": 1, "id": "184"},
{"query_num": "197", "position": 2, "id": "881"},
{"query_num": "197", "position": 3, "id": "883"},
{"query_num": "197", "position": 3, "id": "884"},
{"query_num": "197", "position": 1, "id": "768"},
{"query_num": "198", "position": 2, "id": "887"},
{"query_num": "198", "position": 2, "id": "888"},
{"query_num": "198", "position": 2, "id": "889"},
{"query_num": "198", "position": 3, "id": "843"},
{"query_num": "198", "position": 1, "id": "769"},
{"query_num": "199", "position": 1, "id": "1052"},
{"query_num": "199", "position": 1, "id": "1053"},
{"query_num": "199", "position": 2, "id": "1054"},
{"query_num": "199", "position": 2, "id": "1055"},
{"query_num": "199", "position": 2, "id": "1056"},
{"query_num": "199", "position": 2, "id": "1060"},
{"query_num": "199", "position": 2, "id": "743"},
{"query_num": "199", "position": 2, "id": "744"},
{"query_num": "199", "position": 1, "id": "957"},
{"query_num": "200", "position": 2, "id": "1134"},
{"query_num": "200", "position": 2, "id": "1137"},
{"query_num": "200", "position": 2, "id": "1138"},
{"query_num": "200", "position": 1, "id": "1071"},
{"query_num": "201", "position": 2, "id": "552"},
{"query_num": "201", "position": 2, "id": "625"},
{"query_num": "201", "position": 2, "id": "1296"},
{"query_num": "201", "position": 3, "id": "93"},
{"query_num": "201", "position": 3, "id": "1151"},
{"query_num": "201", "position": 3, "id": "401"},
{"query_num": "201", "position": 4, "id": "110"},
{"query_num": "201", "position": 4, "id": "1391"},
{"query_num": "201", "position": 4, "id": "423"},
{"query_num": "201", "position": 3, "id": "541"},
{"query_num": "201", "position": 3, "id": "1295"},
{"query_num": "201", "position": 3, "id": "318"},
{"query_num": "201", "position": 4, "id": "1304"},
{"query_num": "201", "position": 4, "id": "160"},
{"query_num": "201", "position": 4, "id": "369"},
{"query_num": "201", "position": 4, "id": "482"},
{"query_num": "201", "position": 1, "id": "1140"},
{"query_num": "202", "position": 2, "id": "1303"},
{"query_num": "202", "position": 2, "id": "1304"},
{"query_num": "202", "position": 2, "id": "1309"},
{"query_num": "202", "position": 3, "id": "1306"},
{"query_num": "202", "position": 3, "id": "1308"},
{"query_num": "202", "position": 3, "id": "605"},
{"query_num": "202", "position": 4, "id": "602"},
{"query_num": "202", "position": 4, "id": "603"},
{"query_num": "202", "position": 4, "id": "604"},
{"query_num": "202", "position": 2, "id": "1110"},
{"query_num": "202", "position": 4, "id": "1305"},
{"query_num": "202", "position": 4, "id": "1310"},
{"query_num": "202", "position": 4, "id": "48"},
{"query_num": "202", "position": 4, "id": "232"},
{"query_num": "202", "position": 1, "id": "1285"},
{"query_num": "203", "position": 3, "id": "58"},
{"query_num": "203", "position": 3, "id": "1305"},
{"query_num": "203", "position": 3, "id": "1306"},
{"query_num": "203", "position": 4, "id": "602"},
{"query_num": "203", "position": 4, "id": "603"},
{"query_num": "203", "position": 4, "id": "604"},
{"query_num": "203", "position": 3, "id": "1307"},
{"query_num": "203", "position": 3, "id": "1310"},
{"query_num": "203", "position": 3, "id": "19"},
{"query_num": "203", "position": 4, "id": "232"},
{"query_num": "203", "position": 4, "id": "323"},
{"query_num": "203", "position": 4, "id": "688"},
{"query_num": "203", "position": 3, "id": "122"},
{"query_num": "203", "position": 4, "id": "1188"},
{"query_num": "203", "position": 1, "id": "1285"},
{"query_num": "204", "position": 2, "id": "572"},
{"query_num": "204", "position": 2, "id": "1311"},
{"query_num": "204", "position": 3, "id": "63"},
{"query_num": "204", "position": 3, "id": "540"},
{"query_num": "204", "position": 4, "id": "602"},
{"query_num": "204", "position": 4, "id": "603"},
{"query_num": "204", "position": 4, "id": "604"},
{"query_num": "204", "position": 4, "id": "1305"},
{"query_num": "204", "position": 4, "id": "1188"},
{"query_num": "204", "position": 4, "id": "307"},
{"query_num": "204", "position": 4, "id": "1213"},
{"query_num": "204", "position": 4, "id": "655"},
{"query_num": "204", "position": 4, "id": "1355"},
{"query_num": "204", "position": 4, "id": "68"},
{"query_num": "204", "position": 1, "id": "1285"},
{"query_num": "205", "position": 2, "id": "1321"},
{"query_num": "205", "position": 2, "id": "1322"},
{"query_num": "205", "position": 1, "id": "1287"},
{"query_num": "206", "position": 2, "id": "1338"},
{"query_num": "206", "position": 2, "id": "1341"},
{"query_num": "206", "position": 3, "id": "1340"},
{"query_num": "206", "position": 1, "id": "1290"},
{"query_num": "207", "position": 2, "id": "1338"},
{"query_num": "207", "position": 2, "id": "1339"},
{"query_num": "207", "position": 3, "id": "1340"},
{"query_num": "207", "position": 3, "id": "1341"},
{"query_num": "207", "position": 4, "id": "879"},
{"query_num": "207", "position": 1, "id": "1290"},
{"query_num": "208", "position": 3, "id": "163"},
{"query_num": "208", "position": 3, "id": "1344"},
{"query_num": "208", "position": 3, "id": "1345"},
{"query_num": "208", "position": 4, "id": "164"},
{"query_num": "208", "position": 4, "id": "1347"},
{"query_num": "208", "position": 3, "id": "1346"},
{"query_num": "208", "position": 1, "id": "1291"},
{"query_num": "209", "position": 2, "id": "1351"},
{"query_num": "209", "position": 2, "id": "1356"},
{"query_num": "209", "position": 3, "id": "1350"},
{"query_num": "209", "position": 3, "id": "187"},
{"query_num": "209", "position": 3, "id": "487"},
{"query_num": "209", "position": 4, "id": "45"},
{"query_num": "209", "position": 4, "id": "55"},
{"query_num": "209", "position": 4, "id": "316"},
{"query_num": "209", "position": 3, "id": "1383"},
{"query_num": "209", "position": 3, "id": "1385"},
{"query_num": "209", "position": 4, "id": "1106"},
{"query_num": "209", "position": 4, "id": "1228"},
{"query_num": "209", "position": 1, "id": "1292"},
{"query_num": "210", "position": 2, "id": "1171"},
{"query_num": "210", "position": 3, "id": "891"},
{"query_num": "210", "position": 3, "id": "1172"},
{"query_num": "210", "position": 3, "id": "1173"},
{"query_num": "210", "position": 4, "id": "1030"},
{"query_num": "210", "position": 3, "id": "1174"},
{"query_num": "210", "position": 1, "id": "1145"},
{"query_num": "211", "position": 2, "id": "891"},
{"query_num": "211", "position": 2, "id": "1172"},
{"query_num": "211", "position": 3, "id": "1173"},
{"query_num": "211", "position": 3, "id": "1174"},
{"query_num": "211", "position": 3, "id": "763"},
{"query_num": "211", "position": 4, "id": "769"},
{"query_num": "211", "position": 4, "id": "1030"},
{"query_num": "211", "position": 4, "id": "1031"},
{"query_num": "211", "position": 4, "id": "1033"},
{"query_num": "211", "position": 4, "id": "1052"},
{"query_num": "211", "position": 4, "id": "1068"},
{"query_num": "211", "position": 1, "id": "1145"},
{"query_num": "212", "position": 2, "id": "888"},
{"query_num": "212", "position": 2, "id": "889"},
{"query_num": "212", "position": 2, "id": "1178"},
{"query_num": "212", "position": 3, "id": "885"},
{"query_num": "212", "position": 3, "id": "887"},
{"query_num": "212", "position": 3, "id": "886"},
{"query_num": "212", "position": 4, "id": "841"},
{"query_num": "212", "position": 4, "id": "1176"},
{"query_num": "212", "position": 4, "id": "1177"},
{"query_num": "212", "position": 3, "id": "890"},
{"query_num": "212", "position": 3, "id": "769"},
{"query_num": "212", "position": 3, "id": "891"},
{"query_num": "212", "position": 3, "id": "1173"},
{"query_num": "212", "position": 3, "id": "843"},
{"query_num": "212", "position": 1, "id": "1146"},
{"query_num": "213", "position": 1, "id": "888"},
{"query_num": "213", "position": 2, "id": "885"},
{"query_num": "213", "position": 2, "id": "887"},
{"query_num": "213", "position": 2, "id": "889"},
{"query_num": "213", "position": 3, "id": "1178"},
{"query_num": "213", "position": 3, "id": "769"},
{"query_num": "213", "position": 3, "id": "1173"},
{"query_num": "213", "position": 4, "id": "1177"},
{"query_num": "213", "position": 3, "id": "886"},
{"query_num": "213", "position": 3, "id": "890"},
{"query_num": "213", "position": 3, "id": "843"},
{"query_num": "213", "position": 1, "id": "1146"},
{"query_num": "214", "position": 3, "id": "833"},
{"query_num": "214", "position": 3, "id": "1361"},
{"query_num": "214", "position": 3, "id": "1362"},
{"query_num": "214", "position": 3, "id": "1363"},
{"query_num": "214", "position": 1, "id": "1294"},
{"query_num": "215", "position": 4, "id": "37"},
{"query_num": "215", "position": 4, "id": "35"},
{"query_num": "215", "position": 1, "id": "535"},
{"query_num": "216", "position": 1, "id": "156"},
{"query_num": "216", "position": 1, "id": "506"},
{"query_num": "217", "position": 1, "id": "666"},
{"query_num": "217", "position": 1, "id": "667"},
{"query_num": "217", "position": 2, "id": "1258"},
{"query_num": "217", "position": 2, "id": "1394"},
{"query_num": "217", "position": 3, "id": "668"},
{"query_num": "217", "position": 3, "id": "670"},
{"query_num": "217", "position": 3, "id": "1204"},
{"query_num": "217", "position": 4, "id": "1391"},
{"query_num": "217", "position": 1, "id": "1395"},
{"query_num": "217", "position": 3, "id": "1300"},
{"query_num": "217", "position": 3, "id": "37"},
{"query_num": "217", "position": 3, "id": "559"},
{"query_num": "217", "position": 3, "id": "630"},
{"query_num": "217", "position": 3, "id": "1107"},
{"query_num": "217", "position": 3, "id": "1213"},
{"query_num": "217", "position": 1, "id": "1191"},
{"query_num": "218", "position": 1, "id": "24"},
{"query_num": "218", "position": 1, "id": "101"},
{"query_num": "218", "position": 3, "id": "666"},
{"query_num": "218", "position": 3, "id": "667"},
{"query_num": "218", "position": 3, "id": "93"},
{"query_num": "218", "position": 4, "id": "1258"},
{"query_num": "218", "position": 1, "id": "1393"},
{"query_num": "218", "position": 3, "id": "559"},
{"query_num": "218", "position": 3, "id": "630"},
{"query_num": "218", "position": 3, "id": "662"},
{"query_num": "218", "position": 3, "id": "1104"},
{"query_num": "218", "position": 3, "id": "1107"},
{"query_num": "218", "position": 3, "id": "1204"},
{"query_num": "218", "position": 3, "id": "1213"},
{"query_num": "218", "position": 3, "id": "1300"},
{"query_num": "218", "position": 1, "id": "1191"},
{"query_num": "219", "position": 1, "id": "1391"},
{"query_num": "219", "position": 2, "id": "666"},
{"query_num": "219", "position": 2, "id": "667"},
{"query_num": "219", "position": 2, "id": "1258"},
{"query_num": "219", "position": 3, "id": "1078"},
{"query_num": "219", "position": 3, "id": "1080"},
{"query_num": "219", "position": 3, "id": "1081"},
{"query_num": "219", "position": 2, "id": "1394"},
{"query_num": "219", "position": 2, "id": "1395"},
{"query_num": "219", "position": 3, "id": "1214"},
{"query_num": "219", "position": 3, "id": "1198"},
{"query_num": "219", "position": 3, "id": "1204"},
{"query_num": "219", "position": 3, "id": "1300"},
{"query_num": "219", "position": 3, "id": "559"},
{"query_num": "219", "position": 3, "id": "630"},
{"query_num": "219", "position": 3, "id": "662"},
{"query_num": "219", "position": 3, "id": "1107"},
{"query_num": "219", "position": 3, "id": "1213"},
{"query_num": "219", "position": 1, "id": "1191"},
{"query_num": "220", "position": 2, "id": "1383"},
{"query_num": "220", "position": 2, "id": "1385"},
{"query_num": "220", "position": 3, "id": "155"},
{"query_num": "220", "position": 3, "id": "241"},
{"query_num": "220", "position": 3, "id": "1382"},
{"query_num": "220", "position": 4, "id": "1370"},
{"query_num": "220", "position": 4, "id": "1386"},
{"query_num": "220", "position": 4, "id": "111"},
{"query_num": "220", "position": 3, "id": "1384"},
{"query_num": "220", "position": 3, "id": "150"},
{"query_num": "220", "position": 3, "id": "292"},
{"query_num": "220", "position": 4, "id": "458"},
{"query_num": "220", "position": 4, "id": "479"},
{"query_num": "220", "position": 4, "id": "977"},
{"query_num": "220", "position": 3, "id": "376"},
{"query_num": "220", "position": 3, "id": "459"},
{"query_num": "220", "position": 3, "id": "1365"},
{"query_num": "220", "position": 3, "id": "62"},
{"query_num": "220", "position": 3, "id": "1366"},
{"query_num": "220", "position": 1, "id": "1182"},
{"query_num": "221", "position": 2, "id": "155"},
{"query_num": "221", "position": 2, "id": "1383"},
{"query_num": "221", "position": 2, "id": "1385"},
{"query_num": "221", "position": 3, "id": "1382"},
{"query_num": "221", "position": 3, "id": "62"},
{"query_num": "221", "position": 3, "id": "292"},
{"query_num": "221", "position": 4, "id": "241"},
{"query_num": "221", "position": 4, "id": "1370"},
{"query_num": "221", "position": 4, "id": "1384"},
{"query_num": "221", "position": 3, "id": "458"},
{"query_num": "221", "position": 3, "id": "459"},
{"query_num": "221", "position": 3, "id": "461"},
{"query_num": "221", "position": 4, "id": "1386"},
{"query_num": "221", "position": 3, "id": "1365"},
{"query_num": "221", "position": 3, "id": "1366"},
{"query_num": "221", "position": 3, "id": "111"},
{"query_num": "221", "position": 3, "id": "150"},
{"query_num": "221", "position": 3, "id": "479"},
{"query_num": "221", "position": 1, "id": "1182"},
{"query_num": "222", "position": 3, "id": "400"},
{"query_num": "222", "position": 3, "id": "419"},
{"query_num": "222", "position": 3, "id": "1387"},
{"query_num": "222", "position": 4, "id": "412"},
{"query_num": "222", "position": 4, "id": "1392"},
{"query_num": "222", "position": 4, "id": "1398"},
{"query_num": "222", "position": 3, "id": "1397"},
{"query_num": "222", "position": 3, "id": "1400"},
{"query_num": "222", "position": 4, "id": "1399"},
{"query_num": "222", "position": 1, "id": "1396"},
{"query_num": "223", "position": 3, "id": "400"},
{"query_num": "223", "position": 3, "id": "1387"},
{"query_num": "223", "position": 3, "id": "1392"},
{"query_num": "223", "position": 3, "id": "1398"},
{"query_num": "223", "position": 1, "id": "1396"},
{"query_num": "224", "position": 3, "id": "656"},
{"query_num": "224", "position": 3, "id": "1313"},
{"query_num": "224", "position": 3, "id": "1317"},
{"query_num": "224", "position": 4, "id": "1316"},
{"query_num": "224", "position": 3, "id": "1318"},
{"query_num": "224", "position": 3, "id": "1319"},
{"query_num": "224", "position": 3, "id": "1157"},
{"query_num": "224", "position": 3, "id": "1274"},
{"query_num": "224", "position": 1, "id": "1286"},
{"query_num": "225", "position": 2, "id": "1379"},
{"query_num": "225", "position": 2, "id": "1305"},
{"query_num": "225", "position": 2, "id": "1304"},
{"query_num": "225", "position": 3, "id": "40"},
{"query_num": "225", "position": 3, "id": "293"},
{"query_num": "225", "position": 3, "id": "1309"},
{"query_num": "225", "position": 4, "id": "161"},
{"query_num": "225", "position": 4, "id": "421"},
{"query_num": "225", "position": 4, "id": "1377"},
{"query_num": "225", "position": 3, "id": "1378"},
{"query_num": "225", "position": 3, "id": "1381"},
{"query_num": "225", "position": 3, "id": "225"},
{"query_num": "225", "position": 4, "id": "1380"},
{"query_num": "225", "position": 3, "id": "448"},
{"query_num": "225", "position": 3, "id": "449"},
{"query_num": "225", "position": 3, "id": "1124"},
{"query_num": "225", "position": 3, "id": "1280"},
{"query_num": "225", "position": 3, "id": "433"},
{"query_num": "225", "position": 3, "id": "923"},
{"query_num": "225", "position": 3, "id": "924"},
{"query_num": "225", "position": 3, "id": "1062"},
{"query_num": "225", "position": 3, "id": "1074"},
{"query_num": "225", "position": 3, "id": "1075"},
{"query_num": "225", "position": 3, "id": "1213"},
{"query_num": "225", "position": 1, "id": "1188"}]
